id,seperator,Key,Value,Count,w,Description,battleArea,spawnPoint,treasureReward,restingArea,questGiver,walkable
barrier_fence,_,barrier,fence,"6 109 792
30.12%",,"A freestanding structure designed to restrict or prevent movement across a boundary, generally distinguished from a wall by the lightness of its construction.",0.1,0.1,0.5,0.1,0.1,0
barrier_gate,_,barrier,gate,"4 363 814
21.51%",,A section in a wall or fence which can be opened to allow access.,0.5,4,1,0.1,1,0.5
barrier_wall,_,barrier,wall,"3 835 003
18.91%",,"A freestanding structure, designed to restrict or prevent movement across a boundary, typically made from solid brick, concrete or rocks, and almost always built so that it is opaque to vision.",0.1,0.1,0.5,0.1,0.1,0
barrier_hedge,_,barrier,hedge,"2 606 131
12.85%",,"A line of closely spaced shrubs and tree species, which form a barrier or mark the boundary of an area.",0.1,0.1,2,0.1,0.1,0
barrier_kerb,_,barrier,kerb,"789 233
3.89%",,"A stone edging to a pavement or raised path (right side is bottom, left side is top).",0.1,0.1,0.5,0.1,0.1,0
barrier_bollard,_,barrier,bollard,"568 341
2.80%",,One or more solid (usually concrete or metal) pillar(s) used to control traffic.,0.1,0.1,0.5,0.1,0.1,0
barrier_lift_gate,_,barrier,lift_gate,"409 948
2.02%",,A bar or pole pivoted (rotates upwards to open) in such a way as to allow the boom to block vehicular access through a controlled point.,1,4,2,0.1,1,2
barrier_retaining_wall,_,barrier,retaining_wall,"392 162
1.93%",,"A structure that holds back soil or rock from a building, structure or area.",0.1,0.1,0.5,0.1,0.1,0
barrier_block,_,barrier,block,"136 846
0.67%",,One or more large immobile block(s) usually barring free access along a way.,0.1,1,2,0.1,0.1,0
barrier_yes,_,barrier,yes,"130 518
0.64%",,"Unspecific barrier value, it is always better to use more specific one if possible",0.1,0.1,0.5,0.1,0.1,0
barrier_guard_rail,_,barrier,guard_rail,"113 604
0.56%",,"A rail, typically metal, designed to keep vehicles within their roadway and prevent dangerous collisions",,,,,,
barrier_cycle_barrier,_,barrier,cycle_barrier,"111 155
0.55%",,A barrier along a path that slows or prevents access for bicycle users.,,,,,,
barrier_stile,_,barrier,stile,"90 199
0.44%",,"A structure which provides people a passage through or over a boundary via steps, ladders or narrow gaps.",,,,,,
barrier_entrance,_,barrier,entrance,"82 111
0.40%",,An opening or gap in a barrier.,,,,,,
barrier_swing_gate,_,barrier,swing_gate,"72 820
0.36%",,A gate consisting of a bar or pole pivoted (rotates sidewards to open) in such a way as to allow the boom to block vehicular access through a controlled point.,,,,,,
barrier_cattle_grid,_,barrier,cattle_grid,"63 905
0.32%",,A hole in the road surface covered in a series of bars that allow wheeled vehicles but not animals to cross.,,,,,,
barrier_ditch,_,barrier,ditch,"59 792
0.29%",,A man made ditch or trench to prevent access to the other side.,,,,,,
barrier_toll_booth,_,barrier,toll_booth,"54 184
0.27%",,A place where a road usage toll or fee is collected.,,,,,,
barrier_city_wall,_,barrier,city_wall,"44 409
0.22%",,A fortification used to defend settlements in ancient to modern times.,,,,,,
barrier_kissing_gate,_,barrier,kissing_gate,"39 563
0.20%",,A type of gate where you have to go into an enclosure and open a gate to get through.,,,,,,
barrier_chain,_,barrier,chain,"30 214
0.15%",,A chain used to prevent motorised vehicles.,,,,,,
barrier_jersey_barrier,_,barrier,jersey_barrier,"18 644
0.09%",,A barrier made of heavy prefabricated blocks.,,,,,,
barrier_sliding_gate,_,barrier,sliding_gate,"14 535
0.07%",,"A section in a wall or fence which slides or rolls to the side to allow access (note: barrier=gate is standard tagging for such objects, this tag is used primarily by [[Grab]] employees).",,,,,,
barrier_height_restrictor,_,barrier,height_restrictor,"14 532
0.07%",,A height restrictor which prevents access of vehicles higher than a set limit.,,,,,,
barrier_turnstile,_,barrier,turnstile,"12 995
0.06%",,"A turnstile, a passage on foot designed to allow one person at a time to pass",,,,,,
barrier_handrail,_,barrier,handrail,"9 185
0.05%",,A rail designed to be grasped by the hand so as to provide stability or support.,,,,,,
barrier_log,_,barrier,log,"7 925
0.04%",,A log blocking access.,,,,,,
access_private,_,access,private,"12 383 201
70.91%",,The feature is not to be used by the general public.,0,0,0,0,0,0
access_yes,_,access,yes,"1 552 236
8.89%",,,2,2,2,2,2,3
access_customers,_,access,customers,"1 204 734
6.90%",,Restricted to customers at the destination.,0.2,0.2,0.2,0.1,0.2,0.2
access_no,_,access,no,"805 117
4.61%",,The object is prohibited to be used by the general public.,0,0,0,0,0,0
access_permissive,_,access,permissive,"713 775
4.09%",,The object is open to general traffic until such time as the owner revoke the permission.,0.3,0.3,0.3,0.1,0.3,0.3
access_destination,_,access,destination,"384 640
2.20%",,"Through traffic of all modes of transportation forbidden, non-through traffic users allowed",0.7,0.7,0.7,0.5,0.7,0.7
access_agricultural,_,access,agricultural,"123 231
0.71%",,Restricted to usage of the road for agricultural purposes (for any type of transportation mode),2,2,2,1,1,3
access_forestry,_,access,forestry,"110 759
0.63%",,Restricted to usage of the road for forestry purposes (with any type of vehicle),3,3,3,1,2,4
access_permit,_,access,permit,"69 717
0.40%",,"Access requires a permit, ordinarily granted",0,0,0,0,0,0
access_designated,_,access,designated,"26 211
0.15%",,A way marked for a particular use. Only used with a specific mode of transport!,1,1,1,1,1,1
access_unknown,_,access,unknown,"23 211
0.13%",,The access conditions are unknown or unclear and indicates that survey is necessary.,,,,,,
access_delivery,_,access,delivery,"20 480
0.12%",,Access only when delivering,,,,,,
wall_no,_,wall,no,"12 169 145
97.11%",,slight construction like a shed or balcony opened on one side at least or without foundation,,,,,,
wall_dry_stone,_,wall,dry_stone,"204 815
1.63%",,A dry stone wall is a wall constructed from stones without mortar to bind them together.,,,,,,
wall_yes,_,wall,yes,"56 691
0.45%",,,,,,,,
wall_noise_barrier,_,wall,noise_barrier,"26 320
0.21%",,a wall which protects against noise on one of its sides,,,,,,
wall_brick,_,wall,brick,"25 886
0.21%",,A brick wall is a wall constructed from bricks and mortar.,,,,,,
wall_stone,_,wall,stone,"20 211
0.16%",,A stone wall is a wall constructed from stones and mortar.,,,,,,
place_hamlet,_,place,hamlet,"1 827 743
22.97%",,"A smaller rural community, typically with fewer than 100-200 inhabitants, and little infrastructure.",,,,,,
place_locality,_,place,locality,"1 677 599
21.09%",,A named place that has no population.,8,6,6,6,5,2
place_village,_,place,village,"1 531 795
19.25%",,"A smaller distinct settlement, smaller than a town with few facilities available with people traveling to nearby towns to access these.",,,,,,
place_isolated_dwelling,_,place,isolated_dwelling,"673 630
8.47%",,The smallest kind of settlement (1-2 households).,,,,,,
place_islet,_,place,islet,"435 519
5.47%",,A very small island.,,,,,,
place_plot,_,place,plot,"427 026
5.37%",,A named plot is a tract or parcel of land owned or meant to be owned by some owner.,0.1,0.1,0.1,0.1,0.1,0.1
place_neighbourhood,_,place,neighbourhood,"402 060
5.05%",,"A neighbourhood is a smaller named, geographically localised place within a suburb of a larger city or within a town or village",,,,,,
place_farm,_,place,farm,"235 894
2.96%",,An individually named farm.,,,,,,
place_suburb,_,place,suburb,"139 790
1.76%",,A part of a town or city with a well-known name and often a distinct identity.,,,,,,
place_quarter,_,place,quarter,"133 133
1.67%",,"A quarter is a named, geographically localised place within a suburb of a larger city or within a town which is bigger than a neighbourhood",,,,,,
place_town,_,place,town,"121 737
1.53%",,"An important urban centre, between a village and a city in size.",,,,,,
place_island,_,place,island,"111 918
1.41%",,Any piece of land that is completely surrounded by water and isolated from other significant landmasses.,,,,,,
place_city_block,_,place,city_block,"83 703
1.05%",,"A named city block, usually surrounded by streets.",,,,,,
place_square,_,place,square,"71 177
0.89%",,"A town or village square: a (typically) paved open space, generally of architectural significance, which is surrounded by buildings in a built-up area such as a city, town or village.",10,10,6,7,10,10
crossing_marked,_,crossing,marked,"2 411 818
34.99%",,"A generic crossing with no traffic-signals of any type, just road markings",0,0,0,0,0,5
crossing_unmarked,_,crossing,unmarked,"1 497 953
21.73%",,Pedestrian crossings without road markings or traffic signals,0,0,0,0,0,4
crossing_uncontrolled,_,crossing,uncontrolled,"1 379 360
20.01%",,"A generic crossing with road markings, but no traffic-signals of any type",0,0,0,0,0,3
crossing_traffic_signals,_,crossing,traffic_signals,"1 013 722
14.71%",,Traffic light controlled pedestrian crossings,0,0,0,0,0,6
crossing_zebra,_,crossing,zebra,"511 013
7.41%",,A zebra crossing,0,0,0,0,0,6
foot_yes,_,foot,yes,"3 575 007
56.50%",,Roads and other objects where the public has a legally-enshrined right for access on foot,2,3,2,2,2,10
foot_designated,_,foot,designated,"1 549 270
24.49%",,A preferred or designated route for pedestrians.,2,3,2,2,2,10
foot_no,_,foot,no,"752 537
11.89%",,Access on foot or by pedestrians is prohibited,0,0,0,0,0,0
foot_use_sidepath,_,foot,use_sidepath,"161 132
2.55%",,Use compulsory parallel footpath instead,,,,,,
foot_permissive,_,foot,permissive,"136 536
2.16%",,Access by pedestrians is permitted but permission may be withdrawn at any time.,0,0,0,0,0,0
foot_private,_,foot,private,"84 408
1.33%",,"indicates that walking is not allowed for general public, but the owner may make exceptions at will.",0,0,0,0,0,0
foot_destination,_,foot,destination,"26 645
0.42%",,"Transit traffic forbidden for pedestrians, non-transit to a local destination allowed.",0,0,0,0,0,0
man_made_pier,_,man_made,pier,"569 704
9.88%",,"A pier is a raised walkway over water, supported by widely spread piles or pillars.",2,2,2,2,2,3
man_made_storage_tank,_,man_made,storage_tank,"553 476
9.60%",,A container that holds liquids or compressed gases,,,,,,
man_made_tower,_,man_made,tower,"370 693
6.43%",,A tower is a free-standing structure which is higher than it is wide.,1,1,3,1,3,0.7
man_made_survey_point,_,man_made,survey_point,"368 163
6.38%",,"A triangulation pillar, geodetic vertex, or other piece of fixed equipment used by topographers.",,,,,,
man_made_cutline,_,man_made,cutline,"307 675
5.34%",,A straight line cut in a forest.,,,,,,
man_made_pipeline,_,man_made,pipeline,"257 229
4.46%",,"A major pipeline carrying gas, water, oil, etc.",,,,,,
man_made_silo,_,man_made,silo,"235 963
4.09%",,"A storage container for bulk material, often grains such as corn or wheat",,,,,,
man_made_mast,_,man_made,mast,"230 801
4.00%",,"A mast is a vertical structure built to hold, for example, antennas.",,,,,,
man_made_manhole,_,man_made,manhole,"209 976
3.64%",,"Hole with a cover that allows access to an underground service location, just large enough for a human to climb through",,,,,,
man_made_works,_,man_made,works,"202 337
3.51%",,A factory or industrial production plant,,,,,,
man_made_embankment,_,man_made,embankment,"191 667
3.32%",,An artificial steep slope,,,,,,
man_made_bridge,_,man_made,bridge,"174 717
3.03%",,"The outline of a bridge, grouping together all features for that bridge.",,,,,,
man_made_petroleum_well,_,man_made,petroleum_well,"173 413
3.01%",,"A hole bored in the earth, designed to bring petroleum oil or gas to the surface",,,,,,
man_made_surveillance,_,man_made,surveillance,"173 094
3.00%",,A surveillance camera or other type of surveillance equipment.,,,,,,
man_made_water_well,_,man_made,water_well,"168 121
2.92%",,"A structural facility to access ground water, created by digging or drilling.",,,,,,
man_made_street_cabinet,_,man_made,street_cabinet,"136 103
2.36%",,A cabinet located in the street and hosting technical equipment to operate facilities such as electricity or street lights.,,,,,,
man_made_water_tower,_,man_made,water_tower,"134 520
2.33%",,Structure with a water tank at an altitude to increase pressure in water network,,,,,,
man_made_utility_pole,_,man_made,utility_pole,"134 272
2.33%",,"A single pole supporting elevation of any of various and unspecified public utilities, such as power transmission, lighting or telephony.",,,,,,
man_made_flagpole,_,man_made,flagpole,"100 156
1.74%",,A long pole built to hold a flag,,,,,,
man_made_chimney,_,man_made,chimney,"84 677
1.47%",,"A tall distinctive vertical conduit for venting hot gases or smoke, normally found near power stations or large factories",,,,,,
man_made_wastewater_plant,_,man_made,wastewater_plant,"74 411
1.29%",,A wastewater plant is a facility used to treat wastewater.,,,,,,
man_made_beehive,_,man_made,beehive,"50 884
0.88%",,Beehive,,,,,,
man_made_breakwater,_,man_made,breakwater,"47 259
0.82%",,A man-made structure designed to protect a shore or harbour from the sea and waves.,,,,,,
man_made_reservoir_covered,_,man_made,reservoir_covered,"45 283
0.79%",,A covered reservoir is a large man-made tank for holding fresh water,,,,,,
man_made_bunker_silo,_,man_made,bunker_silo,"45 003
0.78%",,An open-sided structure without a roof that can be used with vehicles to fill and empty them,,,,,,
man_made_clearcut,_,man_made,clearcut,"41 890
0.73%",,An area where all trees have been uniformly cut down.,,,,,,
man_made_groyne,_,man_made,groyne,"36 208
0.63%",,A rigid structure built from a shoreline or riverbank that interrupts water flow and limits the movement of sediment,,,,,,
man_made_monitoring_station,_,man_made,monitoring_station,"34 451
0.60%",,A station that monitors something.,,,,,,
man_made_water_works,_,man_made,water_works,"32 628
0.57%",,A facility where water is treated to make it suitable for human consumption.,,,,,,
man_made_kiln,_,man_made,kiln,"29 889
0.52%",,"A thermally insulated chamber used for processes such as burning, hardening, drying, or smelting",,,,,,
man_made_antenna,_,man_made,antenna,"26 837
0.47%",,An antenna to transmit and/or receive wireless signals.,,,,,,
man_made_water_tap,_,man_made,water_tap,"25 022
0.43%",,Publicly usable water tap,,,,,,
man_made_dyke,_,man_made,dyke,"23 352
0.40%",,An embankment built to restrict the flow of water or other liquids,,,,,,
man_made_courtyard,_,man_made,courtyard,"21 788
0.38%",,An area that is usually enclosed by walls or buildings,,,,,,
man_made_pumping_station,_,man_made,pumping_station,"19 817
0.34%",,Pumping station: a facility including pumps and equipment for pumping fluids from one place to another,,,,,,
man_made_gasometer,_,man_made,gasometer,"18 895
0.33%",,A large container in which natural gas or town gas is stored near atmospheric pressure at ambient temperatures,,,,,,
man_made_cross,_,man_made,cross,"18 366
0.32%",,"Cross, especially one with little historical value",,,,,,
man_made_yes,_,man_made,yes,"18 211
0.32%",,,,,,,,
man_made_crane,_,man_made,crane,"16 235
0.28%",,"A stationary, permanent crane.",,,,,,
man_made_adit,_,man_made,adit,"15 625
0.27%",,A type of entrance to an underground mine which is horizontal or nearly horizontal.,,,,,,
man_made_mineshaft,_,man_made,mineshaft,"13 903
0.24%",,A mineshaft: vertical tunnel into a mine where minerals are extracted.,,,,,,
man_made_advertising,_,man_made,advertising,"13 818
0.24%",,A generic advertising device,,,,,,
man_made_lighthouse,_,man_made,lighthouse,"13 079
0.23%",,Tower that emits light to serve as a navigational aid at sea or on inland waterway,,,,,,
man_made_goods_conveyor,_,man_made,goods_conveyor,"12 621
0.22%",,A conveyor system for transporting materials,,,,,,
man_made_lamp,_,man_made,lamp,"11 801
0.20%",,"A lamp, which may be a street lamp, a floodlight, a signal lamp or any other type of lamp.",,,,,,
man_made_gantry,_,man_made,gantry,"11 543
0.20%",,"An overhead structure across a major road usually for holding signs, often variable-message signs.",,,,,,
man_made_windmill,_,man_made,windmill,"11 471
0.20%",,"A traditional windmill, historically used to mill grain with wind power.",,,,,,
man_made_watermill,_,man_made,watermill,"10 358
0.18%",,A mill driven by water power.,,,,,,
man_made_beacon,_,man_made,beacon,"9 267
0.16%",,A structure for signalling on land and sea,,,,,,
man_made_dolphin,_,man_made,dolphin,"9 067
0.16%",,A marine structure for berthing and mooring of vessels.,,,,,,
man_made_cairn,_,man_made,cairn,"7 992
0.14%",,"A mound of stones, usually conical or pyramidal, raised as a landmark or to designate a point of importance in surveying.",,,,,,
man_made_planter,_,man_made,planter,"7 448
0.13%",,A raised structure for planting flowers or other ornamental plants,,,,,,
man_made_tar_kiln,_,man_made,tar_kiln,"7 222
0.13%",,,,,,,,
man_made_torii,_,man_made,torii,"7 060
0.12%",,The gate structure found at the entrance of Shinto shrines and (rarely) Japanese Buddhist temples.,,,,,,
man_made_avalanche_protection,_,man_made,avalanche_protection,"7 031
0.12%",,A feature to protect from avalanches or to keep them from going off.,,,,,,
man_made_snow_fence,_,man_made,snow_fence,"5 837
0.10%",,A fence-like structure built to redirect drifting snow,,,,,,
man_made_geoglyph,_,man_made,geoglyph,"5 679
0.10%",,Large design or motif produced on the ground and typically formed by clastic rocks or similarly durable elements of the landscape.,,,,,,
footway_sidewalk,_,footway,sidewalk,"3 335 335
57.92%",,Sidewalks as separate ways,0.1,0.1,0.1,0.1,0.1,2
footway_crossing,_,footway,crossing,"2 364 104
41.05%",,Specifies that the footway is a road crossing,0,0,0,0,0,2
footway_access_aisle,_,footway,access_aisle,"35 616
0.62%",,"Marked footpath in a parking lot, typically between two parking spaces, to facilitate access to parked vehicles.",0,0,0,0,0,2
footway_link,_,footway,link,"7 468
0.13%",,,0,0,0,0,0,2
footway_traffic_island,_,footway,traffic_island,"4 340
0.08%",,,0,0,0,0,0,2
footway_path,_,footway,path,"2 577
0.04%",,Meaning unclear.,0,0,0,0,0,2
water_pond,_,water,pond,"1 640 251
43.04%",,"A small body of standing water, man-made in most cases",0,0,0,0,0,0
water_lake,_,water,lake,"856 028
22.46%",,A natural or semi-natural body of relatively still fresh or salt water which is surrounded by land.,0,0,0,0,0,0
water_reservoir,_,water,reservoir,"505 782
13.27%",,An artificial lake which may be used to store water. Usually formed by a dam over a natural water course.,0,0,0,0,0,0
water_river,_,water,river,"384 868
10.10%",,The water covered area of a river,0,0,0,0,0,0
water_basin,_,water,basin,"149 289
3.92%",,An area of land artificially graded to hold water.,0,0,0,0,0,0
water_wastewater,_,water,wastewater,"65 429
1.72%",,A clarifier or settling basin of a wastewater treatment plant.,0,0,0,0,0,0
water_canal,_,water,canal,"56 319
1.48%",,The area covered by the water of a canal,0,0,0,0,0,0
water_stream,_,water,stream,"40 040
1.05%",,The water covered area of a stream: a naturally-formed watercourse which is narrower than a river,0,0,0,0,0,0
water_oxbow,_,water,oxbow,"32 520
0.85%",,An oxbow lake,0,0,0,0,0,0
water_ditch,_,water,ditch,"20 517
0.54%",,The water covered area of a waterway=ditch - a simple artificial waterway serving as a barrier or for draining surrounding land.,0,0,0,0,0,0
entrance_yes,_,entrance,yes,"1 853 143
56.84%",,An entrance of a building,1,8,2,0.1,8,7
entrance_main,_,entrance,main,"654 833
20.09%",,The main entrance of a building,1,9,2,0.1,10,8
entrance_staircase,_,entrance,staircase,"435 063
13.34%",,A staircase entrance,1,8,3,0.1,7,3
entrance_home,_,entrance,home,"155 996
4.78%",,,,,,,,
entrance_garage,_,entrance,garage,"51 738
1.59%",,A garage door,,,,,,
entrance_service,_,entrance,service,"50 197
1.54%",,,,,,,,
entrance_shop,_,entrance,shop,"18 615
0.57%",,A direct public entrance to a shop which is not a main building entrance,,,,,,
entrance_emergency,_,entrance,emergency,"16 216
0.50%",,,,,,,,
entrance_exit,_,entrance,exit,"9 391
0.29%",,"It is not an entrance, it is a one-way out of a building. You find it at some greater shops or museums.",,,,,,
entrance_secondary,_,entrance,secondary,"7 159
0.22%",,Secondary entrance used for events,,,,,,
entrance_gate,_,entrance,gate,"1 660
0.05%",,,3,8,2,0.1,10,6
tourism_information,_,tourism,information,"949 839
32.86%",,"Information for tourists and visitors, including information offices",1,7,8,0.1,6,0.8
tourism_hotel,_,tourism,hotel,"386 348
13.37%",,Hotel - an establishment that provides paid lodging,,,,,,
tourism_attraction,_,tourism,attraction,"217 128
7.51%",,"An object of interest for a tourist, or a purpose-built tourist attraction",6,5,9,3,7,5
tourism_artwork,_,tourism,artwork,"211 125
7.30%",,A public piece of art.,4,8,8,4,7,1
tourism_viewpoint,_,tourism,viewpoint,"202 829
7.02%",,"A place worth visiting, often high, with a good view of surrounding countryside or notable buildings.",10,10,10,10,5,9
tourism_guest_house,_,tourism,guest_house,"161 302
5.58%",,"Accommodation smaller than a hotel and typically owner-operated, such as bed&breakfasts etc.",,,,,,
tourism_picnic_site,_,tourism,picnic_site,"146 084
5.05%",,"A locality that is suitable for outdoors eating, with facilities to aid a picnic such as tables and benches",5,7,8,10,5,9
tourism_camp_site,_,tourism,camp_site,"129 466
4.48%",,"An area where people can camp overnight using tents, camper vans or caravans.",9,10,8,10,9,9
tourism_museum,_,tourism,museum,"92 858
3.21%",,"A museum: an institution with exhibitions on scientific, historical, cultural topics",1,2,4,2,2,1
tourism_chalet,_,tourism,chalet,"71 357
2.47%",,A holiday cottage with self-contained cooking and bathroom facilities.,,,,,,
tourism_apartment,_,tourism,apartment,"65 643
2.27%",,A furnished apartment or flat with cooking and bathroom facilities that can be rented for holiday vacations.,,,,,,
tourism_camp_pitch,_,tourism,camp_pitch,"55 422
1.92%",,A tent or caravan pitch location within a campsite or caravan site,,,,,,
tourism_hostel,_,tourism,hostel,"52 974
1.83%",,Cheap accommodation with shared bedrooms.,,,,,,
tourism_motel,_,tourism,motel,"44 361
1.53%",,"Short term accommodation, particularly for people travelling by car.",,,,,,
tourism_caravan_site,_,tourism,caravan_site,"30 022
1.04%",,A place where you can stay in a caravan overnight or for longer periods.,,,,,,
tourism_alpine_hut,_,tourism,alpine_hut,"13 316
0.46%",,A remote building located in the mountains intended to provide board and lodging.,,,,,,
tourism_wilderness_hut,_,tourism,wilderness_hut,"12 377
0.43%",,"A remote building, with generally a fireplace, intended to provide temporary shelter and sleeping accommodation, typically un-serviced and with no staff.",,,,,,
tourism_gallery,_,tourism,gallery,"12 283
0.42%",,An area or building that displays a variety of visual art exhibitions.,,,,,,
tourism_theme_park,_,tourism,theme_park,"9 082
0.31%",,"An amusement park where entertainment is provided by rides, games, concessions.",,,,,,
tourism_yes,_,tourism,yes,"7 924
0.27%",,,4,4,4,3,4,4
tourism_zoo,_,tourism,zoo,"7 700
0.27%",,"A zoological garden, where animals are confined for viewing by the public.",,,,,,
tourism_trail_riding_station,_,tourism,trail_riding_station,"1 249
0.04%",,Trail riding station,,,,,,
tourism_aquarium,_,tourism,aquarium,"1 214
0.04%",,A facility with living aquatic animals for public viewing.,,,,,,
parking_surface,_,parking,surface,"1 931 679
80.78%",,A dedicated area for parking consisting of one level of parking on the ground,1,1,1,1,1,1
parking_street_side,_,parking,street_side,"245 435
10.26%",,Area suitable or designated for parking which is directly adjacent to the carriageway of a road and can be reached directly from the roadway without having to use an access way.,0.5,0.5,0.5,0.1,0.5,0.5
parking_underground,_,parking,underground,"89 022
3.72%",,Underground car park,0.8,1,1,1,0.5,0.8
parking_multi-storey,_,parking,multi-storey,"55 365
2.32%",,Multistorey car park,0.8,1,1,1,0.5,0.8
parking_lane,_,parking,lane,"37 633
1.57%",,"Parking on the carriageway, including partially on it.",0.2,0.2,0.2,0.1,0.2,0.2
parking_layby,_,parking,layby,"6 408
0.27%",,"Parking at a rest area, often rural, alongside a major road.",1,1,2,0.1,1,2
historic_memorial,_,historic,memorial,"313 867
19.59%",,"Small memorials, usually remembering special persons, people who lost their lives in the wars, past events or missing places.",6,10,10,8,10,3
historic_archaeological_site,_,historic,archaeological_site,"161 476
10.08%",,A place in which evidence of past activity is preserved.,6,5,9,6,7,1
historic_wayside_cross,_,historic,wayside_cross,"159 011
9.93%",,"A historical cross, symbol of christian faith.",2,7,7,3,8,2
historic_yes,_,historic,yes,"152 794
9.54%",,Used to add the historic significance of the objects described by other tags.,8,7,7,5,5,3
historic_ruins,_,historic,ruins,"137 395
8.58%",,"Remains of structures that were once complete, but have fallen into partial or complete disrepair.",4,4,4,8,3,1
historic_wayside_shrine,_,historic,wayside_shrine,"107 707
6.72%",,A shrine often showing a religious depiction. Tag is used also for modern shrines.,,,,,,
historic_monument,_,historic,monument,"69 190
4.32%",,"A memorial object, which is especially large, built to remember, show respect to a person or group of people or to commemorate an event.",6,9,9,6,8,1
historic_building,_,historic,building,"62 820
3.92%",,Unspecified historic building.,,,,,,
historic_boundary_stone,_,historic,boundary_stone,"54 691
3.41%",,A historic physical marker that identifies a boundary,,,,,,
historic_castle,_,historic,castle,"49 578
3.10%",,"Used for various kinds of castles, palaces, fortresses, manors, stately homes, kremlins, shiros and other.",10,6,10,3,7,6
historic_charcoal_pile,_,historic,charcoal_pile,"45 099
2.82%",,Historic site of a charcoal pile. Often still in good condition in hilly forest areas.,,,,,,
historic_tomb,_,historic,tomb,"44 932
2.81%",,A structure where somebody has been buried.,,,,,,
historic_shieling,_,historic,shieling,"21 493
1.34%",,An abandoned mountain pasture,2,3,5,2,3,1
historic_railway,_,historic,railway,"17 352
1.08%",,,,,,,,
historic_citywalls,_,historic,citywalls,"16 179
1.01%",,A citywall is a fortification used to defend a city.,,,,,,
historic_heritage,_,historic,heritage,"12 771
0.80%",,A building/area/site/monument officially recognized for its historic or cultural value.,,,,,,
historic_manor,_,historic,manor,"11 288
0.70%",,Historic manors/mansions having different use today,,,,,,
historic_bomb_crater,_,historic,bomb_crater,"11 060
0.69%",,A bomb crater,,,,,,
historic_mine,_,historic,mine,"10 476
0.65%",,Location of historic underground mine workings for minerals such as coal or lead.,,,,,,
historic_mine_shaft,_,historic,mine_shaft,"10 231
0.64%",,Vertical shafts of a historic mine,,,,,,
historic_church,_,historic,church,"8 568
0.53%",,A church with a historical value.,,,,,,
historic_no,_,historic,no,"8 286
0.52%",,,,,,,,
historic_milestone,_,historic,milestone,"6 354
0.40%",,A historic marker that shows the distance to important destinations,,,,,,
historic_fort,_,historic,fort,"6 116
0.38%",,"A military fort, a stand-alone defensive structure which differs from a castle in that there is no permanent residence",,,,,,
historic_city_gate,_,historic,city_gate,"5 877
0.37%",,A city gate within a city wall,,,,,,
historic_house,_,historic,house,"5 127
0.32%",,A historic house.,,,,,,
historic_hollow_way,_,historic,hollow_way,"4 688
0.29%",,"Is a path/way which has over time fallen significantly lower than the land on either side. They are created incrementally by erosion, by water and traffic.",,,,,,
historic_wreck,_,historic,wreck,"3 900
0.24%",,A nautical craft that has been sunk or destroyed.,,,,,,
historic_stone,_,historic,stone,"3 735
0.23%",,A stone shaped or placed by man with historical value.,,,,,,
historic_roman_road,_,historic,roman_road,"3 521
0.22%",,,,,,,,
historic_cannon,_,historic,cannon,"3 361
0.21%",,A historic/retired cannon. Usually found on forts or battlefields.,,,,,,
historic_aircraft,_,historic,aircraft,"3 223
0.20%",,A decommissioned aircraft which generally remains in one place.,,,,,,
historic_farm,_,historic,farm,"2 622
0.16%",,"A historical farm, kept in its original state.",,,,,,
historic_bunker,_,historic,bunker,"2 585
0.16%",,,,,,,,
historic_tower,_,historic,tower,"2 315
0.14%",,This property distinguishes a tower as historic,,,,,,
historic_monastery,_,historic,monastery,"2 260
0.14%",,Building/place that is a historically significant monastery.,,,,,,
information_guidepost,_,information,guidepost,"463 435
50.17%",,Used to mark a guidepost/signpost,4,7,8,6,7,5
information_board,_,information,board,"273 206
29.57%",,An information board,1,2,4,2,8,2
information_map,_,information,map,"93 782
10.15%",,A board with a map,1,3,4,2,10,2
information_route_marker,_,information,route_marker,"36 327
3.93%",,"A marker that shows the position of the way of a route. Could be a symbol, a short pole or a painted marking.",1,2,1,1,3,5
wheelchair_yes,_,wheelchair,yes,"1 398 499
58.58%",,,4,4,4,2,4,9
wheelchair_no,_,wheelchair,no,"644 507
27.00%",,,0.8,0.8,0.8,0.8,0.8,2
wheelchair_limited,_,wheelchair,limited,"329 123
13.79%",,,2,2,2,1,2,4
sidewalk_both,_,sidewalk,both,"1 037 666
33.44%",,,0.7,0.7,0.7,0.1,0.7,3
sidewalk_no,_,sidewalk,no,"905 191
29.17%",,,0.1,0.1,0.1,0.1,0.1,0.1
sidewalk_right,_,sidewalk,right,"458 762
14.78%",,,0.7,0.7,0.7,0.1,0.7,3
sidewalk_none,_,sidewalk,none,"233 913
7.54%",,,0.1,0.1,0.1,0.1,0.1,0.1
lanes_2,_,lanes,lanes_2,"8 611 810
59.90%",,,0,0,0,0,0,0
lanes_1,_,lanes,lanes_1,"3 449 004
23.99%",,,,,,,,0.5
lanes_3,_,lanes,lanes_3,"1 397 740
9.72%",,,0,0,0,0,0,0
building_yes,_,building,yes,"430 841 007
80.29%",,A building of an unspecified type.,1,1,1,1,1,1
building_house,_,building,house,"49 004 484
9.13%",,A single dwelling unit usually inhabited by one family.,0,0,0,0,0,0
building_residential,_,building,residential,"14 599 119
2.72%",,A general tag for a building constructed primarily for residential purposes.,0,0,0,0,0,0
building_garage,_,building,garage,"6 020 922
1.12%",,Denotes a single-owner private garage,0,0,0,0,0,0
building_detached,_,building,detached,"5 845 890
1.09%",,A detached house: a free-standing residential building usually housing a single family.,0,0,0,0,0,0
building_apartments,_,building,apartments,"5 314 753
0.99%",,"A building arranged into individual dwellings, often on separate floors. May also have retail outlets on the ground floor.",0,0,0,0,0,0
building_shed,_,building,shed,"2 841 114
0.53%",,"A small, simple structure used as storage or workshop",0.1,1,1,1,1,0
building_hut,_,building,hut,"2 238 964
0.42%",,A small and crude shelter.,1,1,1,1,1,0.1
building_industrial,_,building,industrial,"2 053 429
0.38%",,A building constructed to house some manufacturing process,0.01,0.01,0.01,0.01,0.01,0
building_farm_auxiliary,_,building,farm_auxiliary,"1 891 812
0.35%",,A building on a farm that is not a dwelling.,0.1,1,1,0.1,1,0
building_roof,_,building,roof,"1 583 273
0.30%",,A building open on at least two sides.,0.8,0.8,0.8,1,0.8,0.8
building_terrace,_,building,terrace,"1 338 219
0.25%",,"The outline of a linear row of residential dwellings, each of which normally has its own entrance, which form a terrace (""row-house"" or ""townhouse"" in North American English).",0.8,0.8,0.8,0.9,0.8,0.8
building_commercial,_,building,commercial,"1 077 233
0.20%",,A building constructed for non-specific commercial activities to take place there.,0.01,0.01,0.01,0.01,0.01,0
building_school,_,building,school,"1 010 676
0.19%",,A generic school building.,0.01,0.01,0.01,0.01,0.01,0
building_semidetached_house,_,building,semidetached_house,"995 486
0.19%",,A house that shares a common wall with another on one side.,0.01,0.01,0.01,0.01,0.01,0
building_retail,_,building,retail,"811 930
0.15%",,A building primarily used for selling goods to the general public.,0.1,0.1,0.1,0.1,0.1,0
building_garages,_,building,garages,"806 647
0.15%",,A block of private garages each with a separate user/owner,0,0,0,0,0,0
building_construction,_,building,construction,"715 021
0.13%",,A building under construction,0,0,0,0,0,0
building_barn,_,building,barn,"674 624
0.13%",,An agricultural building used for storage and as a covered workplace.,0.1,0.1,0.1,0.1,0.1,0.1
building_cabin,_,building,cabin,"629 566
0.12%",,"A small, roughly built house typically found in rural areas.",0.01,1,1,1,1,0
building_outbuilding,_,building,outbuilding,"576 530
0.11%",,A less important building near to and on the same piece of land as a larger building,0.1,0.1,0.1,0.1,0.1,0
building_greenhouse,_,building,greenhouse,"573 588
0.11%",,A building in which plants are grown,0.1,0.1,0.1,0.1,0.1,0
building_service,_,building,service,"357 082
0.07%",,Service building usually is a small unmanned building with certain machinery (like pumps or transformers).,0.1,0.1,0.1,0.1,0.1,0
building_church,_,building,church,"351 527
0.07%",,A building that was built as a church.,0.1,1,1,1,1,0.8
building_farm,_,building,farm,"349 183
0.07%",,A farmhouse is the main building of a farm,0.1,0.1,1,0.5,1,0
building_warehouse,_,building,warehouse,"328 623
0.06%",,A commercial building for storage of goods.,0.1,0.1,0.1,0.1,0.1,0
building_static_caravan,_,building,static_caravan,"323 756
0.06%",,A mobile home (caravan) (semi)permanently left on a single site.,0.1,0.1,0.1,0.1,0.1,0
building_bungalow,_,building,bungalow,"302 795
0.06%",,"Simple single-storey flat house, bungalow, holiday cottage",0.1,0.1,0.1,0.1,0.1,0
building_office,_,building,office,"202 937
0.04%",,An office building,0.1,0.1,0.1,0.1,0.1,0
building_civic,_,building,civic,"174 810
0.03%",,"A building hosting any civic amenity (town hall, library, swimming pool).",0.1,0.1,0.1,0.1,0.1,0
building_ruins,_,building,ruins,"165 358
0.03%",,"Frequently used to mark ruined buildings. However, this usage conflicts with general use of building tag. In theory it should only be used for buildings constructed to look like ruins.",10,10,10,9,10,1
building_carport,_,building,carport,"152 209
0.03%",,"A carport is a covered structure used to offer limited protection to vehicles, primarily cars, from the elements.",0.1,0.1,0.1,0.1,0.1,0
building_university,_,building,university,"137 062
0.03%",,An university building.,0.1,0.1,0.1,0.1,0.1,0
building_allotment_house,_,building,allotment_house,"132 666
0.02%",,A small outbuilding for short visits in a allotment garden,0.1,0.1,0.1,0.1,0.1,0
building_public,_,building,public,"129 191
0.02%",,"A building constructed as accessible to the general public (town hall, police station, court house).",0.1,0.1,0.1,0.1,0.1,0
building_hospital,_,building,hospital,"127 791
0.02%",,A building which forms part of a hospital.,0,0,0,0,0,0
building_boathouse,_,building,boathouse,"111 907
0.02%",,A building for storing boats,0.1,0.1,0.1,0.1,0.1,0
building_hotel,_,building,hotel,"105 092
0.02%",,A building designed with separate rooms available for overnight accommodation.,0.1,0.1,0.1,0.1,0.1,0
building_manufacture,_,building,manufacture,"98 168
0.02%",,"A building constructed to house some manufacturing process, see also building=industrial.",0.1,0.1,0.1,0.1,0.1,0
building_chapel,_,building,chapel,"89 229
0.02%",,Building built as chapel,0.1,0.1,0.1,0.1,0.1,0
building_kindergarten,_,building,kindergarten,"88 813
0.02%",,A generic kindergarten building.,0,0,0,0,0,0
building_ger,_,building,ger,"87 385
0.02%",,"A portable, round tent (yurt or ger)",3,3,3,3,3,1
building_mosque,_,building,mosque,"75 001
0.01%",,A building that was built as a mosque,0,0,0,0,0,0
building_hangar,_,building,hangar,"72 841
0.01%",,"A hangar is a building used for the storage of airplanes, helicopters or space-craft.",,,,,,
building_storage_tank,_,building,storage_tank,"71 570
0.01%",,A storage tank,,,,,,
building_collapsed,_,building,collapsed,"70 475
0.01%",,,0,0,0,0,0,0
building_dormitory,_,building,dormitory,"52 157
0.01%",,College or university dormitory for shared living of its students.,0,0,0,0,0,0.1
building_bunker,_,building,bunker,"46 796
0.01%",,A hardened military building.,,,,,,
building_train_station,_,building,train_station,"45 885
0.01%",,A train station building,0,0,0,0,0,1
building_college,_,building,college,"42 588
0.01%",,A building constructed to house a college.,0,0,0,0,0,0
building_stable,_,building,stable,"39 198
0.01%",,A building or part of a building that is used as a stable for horses,0,0,0,0,0,0
building_slurry_tank,_,building,slurry_tank,"35 937
0.01%",,A circular concrete structure holding liquid manure.,0,0,0,0,0,0
building_silo,_,building,silo,"34 303
0.01%",,A silo is a building for storing bulk materials.,0,0,0,0,0,0
building_transportation,_,building,transportation,"33 657
0.01%",,A building related to the public transportation.,,,,,,
building_transformer_tower,_,building,transformer_tower,"33 280
0.01%",,A small but tall building constructed to comprise a transformer and connect to an overhead power line.,,,,,,
building_semi,_,building,semi,"30 547
0.01%",,A semi-detached house.,,,,,,
building_commercial;residential,_,building,commercial;residential,"24 078
0.00%",,,,,,,,
building_parking,_,building,parking,"21 863
0.00%",,Structure purpose-built for parking cars.,,,,,,
building_sty,_,building,sty,"21 430
0.00%",,A building for raising domestic pigs.,,,,,,
building_toilets,_,building,toilets,"19 808
0.00%",,A building designed for toilets.,,,,,,
building_cowshed,_,building,cowshed,"19 778
0.00%",,A building for housing cows.,,,,,,
building_temple,_,building,temple,"19 605
0.00%",,A building that was built as a temple,0,0,0,0,0,0
building_government,_,building,government,"17 201
0.00%",,Building built to house government offices.,0,0,0,0,0,0
building_damaged,_,building,damaged,"16 626
0.00%",,,,,,,,
building_houseboat,_,building,houseboat,"15 930
0.00%",,"A boat (re)constructed as a floating home, staying at a single permanent location.",,,,,,
building_kiosk,_,building,kiosk,"15 305
0.00%",,"A small one room retail building, with clients not entering the building.",,,,,,
building_grandstand,_,building,grandstand,"14 520
0.00%",,A grandstand at racecourse or sports ground.,,,,,,
building_fire_station,_,building,fire_station,"13 545
0.00%",,,0,0,0,0,0,0
building_trullo,_,building,trullo,"13 543
0.00%",,"A stone hut with a conical roof, built without mortar",,,,,,
building_supermarket,_,building,supermarket,"11 267
0.00%",,A building built as a supermarket,,,,,,
building_no,_,building,no,"10 990
0.00%",,,,,,,,
building_stilt_house,_,building,stilt_house,"10 558
0.00%",,Stilt houses are houses raised on piles over the surface of the soil or a body of water.,,,,,,
building_sports_centre,_,building,sports_centre,"10 530
0.00%",,A building that was built as a sports centre,,,,,,
building_pavilion,_,building,pavilion,"10 507
0.00%",,A building providing facilities for users of sports grounds,,,,,,
building_tomb,_,building,tomb,"9 521
0.00%",,,,,,,,
building_kitchen,_,building,kitchen,"9 384
0.00%",,,,,,,,
building_stadium,_,building,stadium,"8 848
0.00%",,A building which was built as stadium.,,,,,,
building_agricultural,_,building,agricultural,"7 576
0.00%",,,,,,,,
building_pajaru,_,building,pajaru,"7 408
0.00%",,,,,,,,
building_dam,_,building,dam,"7 125
0.00%",,,,,,,,
building_religious,_,building,religious,"6 792
0.00%",,A building that was built as a religious building.,,,,,,
building_container,_,building,container,"6 547
0.00%",,A container used as a building.,,,,,,
building_abandoned,_,building,abandoned,"6 305
0.00%",,,0,1,4,2,2,1
building_sports_hall,_,building,sports_hall,"6 304
0.00%",,A building that was built as a sports hall,,,,,,
building_duplex,_,building,duplex,"5 670
0.00%",,,,,,,,
building_wayside_shrine,_,building,wayside_shrine,"5 583
0.00%",,Tag is used also for modern shrines.,,,,,,
building_digester,_,building,digester,"5 582
0.00%",,"A building constructed as a digester, a bioreactor for the production of biogas from biomass.",,,,,,
building_tent,_,building,tent,"5 165
0.00%",,A building mainly consisting of sheets of fabric or similar,,,,,,
tactile_paving_no,_,tactile_paving,no,"1 073 523
54.13%",,Indicates lack of tactile paving.,1,1,1,1,1,4
tactile_paving_yes,_,tactile_paving,yes,"892 312
44.99%",,Indicates presence of tactile paving.,1,1,1,1,1,8
oneway_yes,_,oneway,yes,"15 953 795
79.40%",,One-way traffic in the direction indicated on the map.,0.01,0.01,0.01,0.01,0.01,0.7
oneway_no,_,oneway,no,"4 099 619
20.40%",,,1,1,1,0.1,1,1
memorial_war_memorial,_,memorial,war_memorial,"45 000
28.02%",,Specifies a memorial as a war memorial,1,8,9,6,7,1
memorial_plaque,_,memorial,plaque,"35 877
22.34%",,Specifies a memorial as a plaque.,4,10,10,7,10,4
memorial_statue,_,memorial,statue,"18 714
11.65%",,Specifies a memorial as a statue.,1,8,7,5,8,1
memorial_stele,_,memorial,stele,"14 939
9.30%",,Specifies a memorial as a stele.,3,4,5,4,8,2
memorial_stone,_,memorial,stone,"13 141
8.18%",,Specifies a memorial as a stone.,2,4,5,8,4,1
memorial_stolperstein,_,memorial,stolperstein,"7 812
4.86%",,Specifies a memorial as a stolperstein.,4,5,7,3,3,4
memorial_bust,_,memorial,bust,"7 718
4.81%",,Specifies a memorial as a bust.,2,3,4,4,5,1
landuse_farmland,_,landuse,farmland,"8 212 797
21.72%",,Area of farmland used mainly for tillage (annual crops).,0.8,0.8,1,2,0.6,0.6
landuse_residential,_,landuse,residential,"7 995 727
21.15%",,An area with predominantly houses or apartment buildings. E.g. an entire town geometry will often use these,0.8,0.8,0.8,0.8,0.8,0.8
landuse_grass,_,landuse,grass,"5 250 629
13.89%",,"A smaller area of grass, usually mown and managed.",10,10,5,8,1,9
landuse_forest,_,landuse,forest,"4 993 025
13.21%",,"Forest or woodland, sometimes considered to be restricted to managed woodlands or tree plantations.",5,5,4,7,3,6
landuse_meadow,_,landuse,meadow,"3 818 131
10.10%",,"An area of meadow or pasture: land primarily vegetated by grass and other non-woody plants, mainly used for hay or grazing.",3,2,2,2,2,2
landuse_orchard,_,landuse,orchard,"1 221 230
3.23%",,Used to mark intentional planting of trees or shrubs maintained for food production,1,1,1,1,1,1
landuse_farmyard,_,landuse,farmyard,"1 166 490
3.09%",,"Area of land with farm buildings (farmhouse, sheds, stables, barns, etc.)",0.8,0.8,1,0.5,0.6,0.6
landuse_industrial,_,landuse,industrial,"996 075
2.63%",,"An area with predominantly workshops, factories or warehouses.",0,0,0,0,0,0
landuse_vineyard,_,landuse,vineyard,"598 991
1.58%",,"Used to tag vineyards, a piece of land where grapes are grown.",0.8,0.8,1,0.9,0.6,0.6
landuse_cemetery,_,landuse,cemetery,"462 884
1.22%",,"A place where people, or sometimes animals are buried that isn't part of a place of worship",0.1,0.1,0.1,0.7,0.1,1
landuse_commercial,_,landuse,commercial,"374 680
0.99%",,"A commercial zone, predominantly offices or services.",0.1,0.1,0.1,0.1,0.1,0.1
landuse_allotments,_,landuse,allotments,"321 210
0.85%",,allotment gardens with multiple land parcels assigned to individuals or families for gardening.,0.1,0.5,0.8,0.1,0.8,0.2
landuse_reservoir,_,landuse,reservoir,"288 387
0.76%",,An artificial lake which may be used to store water.,0,0,0,0,0,0
landuse_retail,_,landuse,retail,"275 834
0.73%",,An area that encloses predominantly shops.,0.8,0.8,0.8,0.1,0.8,1
landuse_basin,_,landuse,basin,"231 145
0.61%",,An area of land artificially graded to hold water.,0.1,0.1,0.1,,0.1,0.1
landuse_quarry,_,landuse,quarry,"210 893
0.56%",,An area of land used for surface extraction (open-pit mining).,"0,7","0,7","0,7","0,7","0,7","0,7"
landuse_construction,_,landuse,construction,"189 537
0.50%",,An area being built on.,0.1,0.1,0.1,,0.1,0.1
landuse_recreation_ground,_,landuse,recreation_ground,"129 636
0.34%",,"An open green space for general recreation, which often includes formal or informal pitches, nets and so on. Often municipally owned, sometimes part of colleges / companies or commercially operated.",10,9,7,6,7,10
landuse_village_green,_,landuse,village_green,"106 583
0.28%",,A village green is a distinctive area of grassy public land in a village centre. Not a generic tag for urban greenery.,3,3,3,3,2,2
landuse_brownfield,_,landuse,brownfield,"106 307
0.28%",,Land which was developed which is no longer in use,2,2,3,2,1,1
landuse_greenhouse_horticulture,_,landuse,greenhouse_horticulture,"85 610
0.23%",,Land area used for growing plants in greenhouses.,0.1,0.1,0.1,0.1,0.1,0.1
landuse_garages,_,landuse,garages,"79 593
0.21%",,Denotes areas occupied by multiple private garage buildings,0,0,0,0,0,0
landuse_military,_,landuse,military,"76 099
0.20%",,Area used for military purposes.,0,0,0,0,0,0
landuse_religious,_,landuse,religious,"75 859
0.20%",,An area used for religious purposes,0,0,0,0,0,0
landuse_greenfield,_,landuse,greenfield,"69 558
0.18%",,Undeveloped land scheduled to turn into a construction site,,,,,,
landuse_logging,_,landuse,logging,"69 082
0.18%",,An area where some or all trees have been cut down.,2,4,4,1,2,1
landuse_aquaculture,_,landuse,aquaculture,"62 270
0.16%",,An area on land or water that is used to farm aquatic organisms.,0,0,0,0,0,0
landuse_railway,_,landuse,railway,"61 855
0.16%",,"An area of land dedicated to train operation or support, around tracks, yards, sidings, station complexes, and ancillary man-made objects along the tracks.",0.1,0.1,0.1,0.1,0.1,0.1
landuse_plant_nursery,_,landuse,plant_nursery,"44 869
0.12%",,"Represents land that is used solely for plant nurseries, which grow live plants for sale",,,,,,
landuse_landfill,_,landuse,landfill,"43 868
0.12%",,A site for permanent or long term storage of waste materials.,0.1,0.1,0.1,0.1,0.1,0.1
landuse_flowerbed,_,landuse,flowerbed,"37 979
0.10%",,An area designated for flowers,0.4,2,2,0.1,0.6,0.2
landuse_highway,_,landuse,highway,"24 558
0.06%",,"land used for a highway, including all auxiliary areas like associated footways and verges, ditches, etc.",0.01,0.01,0.01,0.01,0.01,0.01
landuse_salt_pond,_,landuse,salt_pond,"14 511
0.04%",,A place where sea water is evaporated to extract its salt,0,0,0,0,0,0
landuse_education,_,landuse,education,"13 698
0.04%",,An area predominately used for educational purposes/facilities.,,,,,,
sport_soccer,_,sport,soccer,"528 594
22.48%",,"Association football, more commonly known as football or soccer",0.01,0.01,0.01,0.01,0.01,0.01
sport_tennis,_,sport,tennis,"439 844
18.71%",,A competition where two or four players use a ball and rackets over a net.,0.01,0.01,0.01,0.01,0.01,0.01
sport_basketball,_,sport,basketball,"229 623
9.77%",,A sport played by two teams of five players on a rectangular court.,3,2,2,3,3,2
sport_baseball,_,sport,baseball,"154 174
6.56%",,A bat-and-ball game played between two teams of nine players on a field (pitch or stadium) each who take turns batting and fielding.,0.01,0.01,0.01,0.01,0.01,0.01
sport_multi,_,sport,multi,"130 315
5.54%",,"Property added to otherwise marked sports facility to indicate as suitable for more than one sport, without listing them",1,1,0.7,1,1,0.8
sport_swimming,_,sport,swimming,"94 697
4.03%",,A place where people do swimming.,0.7,0.7,0.7,0.1,0.5,0.5
sport_equestrian,_,sport,equestrian,"70 269
2.99%",,A sport practised with the horse as a partner; but for horse racing use tag:sport=horse_racing.,,,,,,
sport_golf,_,sport,golf,"68 666
2.92%",,a stick and ball game played from a 'tee' to a hole.,,,,,,
sport_running,_,sport,running,"44 898
1.91%",,Features dedicated to the sport of running,,,,,,
sport_fitness,_,sport,fitness,"42 998
1.83%",,Fitness sports,,,,,,
sport_athletics,_,sport,athletics,"37 277
1.59%",,"A collection of sports which combines various athletic contests based on the skills of running, jumping, and throwing.",,,,,,
sport_table_tennis,_,sport,table_tennis,"30 621
1.30%",,A bat and ball game played over a table.,,,,,,
sport_beachvolleyball,_,sport,beachvolleyball,"27 465
1.17%",,Volleyball played on a sand court,,,,,,
sport_climbing,_,sport,climbing,"26 510
1.13%",,"Marks elements to represent natural climbing sites (climbing areas, sectors, crags, frozen waterfalls, etc.) or artificial climbs (climbing walls, indoor climbing halls, etc.)",,,,,,
sport_volleyball,_,sport,volleyball,"25 472
1.08%",,Volleyball,,,,,,
sport_boules,_,sport,boules,"22 954
0.98%",,"A group of games in which the objective is to throw or roll heavy balls as close as possible to a small target ball, also called pétanque, lyonnaise, bocce, or bocce volo.",,,,,,
sport_skateboard,_,sport,skateboard,"22 587
0.96%",,An area designated and equipped for skateboarding,,,,,,
sport_american_football,_,sport,american_football,"19 726
0.84%",,A sport played by two teams of eleven players on a rectangular field with goalposts at each end.,,,,,,
playground_swing,_,playground,swing,"27 533
19.92%",,,1,2,2,3,1,0.8
playground_structure,_,playground,structure,"22 886
16.56%",,"Complex installation of connected playground devices comprising platforms, towers, bridges, to which further climbing/slide/swing devices can be attached to.",1,2,2,3,1,0.8
playground_slide,_,playground,slide,"16 128
11.67%",,A slide for children to play on in playgrounds.,1,2,2,3,1,0.8
playground_sandpit,_,playground,sandpit,"15 049
10.89%",,"sandbox, container or shallow depression filled with soft sand",3,3,4,3,3,2
playground_springy,_,playground,springy,"8 862
6.41%",,,1,2,2,3,1,0.8
playground_climbingframe,_,playground,climbingframe,"8 280
5.99%",✔,Climbing frame.,1,2,2,3,1,0.8
playground_seesaw,_,playground,seesaw,"5 971
4.32%",-,,1,2,2,3,1,0.8
playground_roundabout,_,playground,roundabout,"3 713
2.69%",-,,1,2,2,3,1,2
playground_playhouse,_,playground,playhouse,"3 320
2.40%",✔,Small house on playground.,1,2,4,3,3,0.8
incline_up,_,incline,up,"489 117
48.73%",✔,General direction of incline for ways going up the hill,0.8,1,1,0.6,1,2
incline_down,_,incline,down,"345 704
34.44%",✔,General direction of incline for ways going down the hill,0.8,1,1,0.6,1,2
service_driveway,_,service,driveway,"12 949 089
59.17%",,"Specifies that a road is a driveway, typically leading to a residence or business.",2,2,2,2,2,2
service_parking_aisle,_,service,parking_aisle,"5 630 458
25.73%",,a subordinated way in a parking lot between rows of parking spaces that vehicles use to drive into and out of the spaces.,1,1,1,1,1,2
service_alley,_,service,alley,"1 539 550
7.03%",,An alley is a service road usually located between properties for access to utilities.,2,3,2,3,3,2
service_yard,_,service,yard,"539 474
2.47%",,Tracks within rail yards operated by the same company as one operating main line,0,0,0,0,0,0
service_spur,_,service,spur,"486 208
2.22%",,"Relatively short lengths of track, built to give one company or entity access to the main line, normally for freight-only use.",0,0,0,0,0,0
service_siding,_,service,siding,"322 476
1.47%",,"Relatively short lengths of track, running parallel to (and connected to) a main route.",0,0,0,0,0,0
service_drive-through,_,service,drive-through,"167 539
0.77%",,A drive-through way where customers can visit a business without leaving their cars.,0.6,0.6,0.6,0.1,0.6,0.3
service_crossover,_,service,crossover,"80 958
0.37%",,A railway crossover,0,0,0,0,0,0
service_emergency_access,_,service,emergency_access,"43 815
0.20%",✔,A way that is an emergency access road,0,0,0,0,0,0.1
service_irrigation,_,service,irrigation,"16 786
0.08%",✔,Specifies a waterway which carries water to be used for agriculture,0,0,0,0,0,0
highway_residential,_,highway,residential,"63 322 476
27.44%",,Road in a residential area,0,0,0,0,0,0.1
highway_service,_,highway,service,"49 906 789
21.62%",,"Generally for access to a building, service station, beach, campsite, industrial estate, business park, etc.",1,1,1,0.6,1,2
highway_track,_,highway,track,"23 864 993
10.34%",,A minor land-access road like a farm or forest track.,1,1,1,1,1,2
highway_footway,_,highway,footway,"18 417 537
7.98%",,"For designated footpaths, i.e. mainly/exclusively for pedestrians",1,1,1,1,1,3
highway_unclassified,_,highway,unclassified,"16 321 149
7.07%",,"Public access road, non-residential.",0.1,0.1,0.1,0.2,0.1,0.4
highway_path,_,highway,path,"12 313 376
5.34%",,A generic or multi-use path open to non-motorized traffic.,2,2,2,2,2,2
highway_tertiary,_,highway,tertiary,"7 354 903
3.19%",,"A road linking small settlements, or the local centres of a large town or city.",0,0,0,0,0,0.1
highway_crossing,_,highway,crossing,"7 071 986
3.06%",,"The location of a designated street crossing for pedestrians, cyclists, or equestrians",0,0,0,0,0,0.4
highway_secondary,_,highway,secondary,"4 712 190
2.04%",,A highway linking large towns.,0,0,0,0,0,0
highway_primary,_,highway,primary,"3 267 658
1.42%",,A highway linking large towns.,0,0,0,0,0,0
highway_street_lamp,_,highway,street_lamp,"3 254 087
1.41%",,A single pole with one or more lights to illuminate the street.,1,2,2,1,2,2
highway_bus_stop,_,highway,bus_stop,"3 191 016
1.38%",,A bus stop is a place where public buses stop for passengers,2,2,2,4,4,2
highway_turning_circle,_,highway,turning_circle,"2 183 986
0.95%",,A widened area of road that allows vehicles to turn more easily,0,0,0,0,0,0
highway_living_street,_,highway,living_street,"1 594 444
0.69%",,Road with very low speed limits and other pedestrian friendly traffic rules.,0.9,0.9,0.9,0.9,0.9,0.9
highway_traffic_signals,_,highway,traffic_signals,"1 591 439
0.69%",,A traffic signal (or a set of those) for regulating circulation.,0.1,0.1,0.1,0.1,0.1,0.1
highway_trunk,_,highway,trunk,"1 556 881
0.67%",,Important roads that are not motorways.,0,0,0,0,0,0
highway_cycleway,_,highway,cycleway,"1 525 114
0.66%",,For designated cycleways,0,0,0,0,0,0.1
highway_steps,_,highway,steps,"1 438 481
0.62%",,For flights of steps on footways and paths.,1,1,1,1,1,1
highway_stop,_,highway,stop,"1 291 269
0.56%",,Used to mark stop signs,0.1,0.1,0.1,0.1,0.1,0.1
highway_motorway,_,highway,motorway,"1 119 593
0.49%",,High capacity highways designed to safely carry fast motor traffic.,0,0,0,0,0,0
highway_motorway_link,_,highway,motorway_link,"792 284
0.34%",,The link roads (sliproads / ramps) leading to and from a motorway.,0,0,0,0,0,0
highway_give_way,_,highway,give_way,"783 056
0.34%",,Used to mark give way (also known as yield) signs or markings,0.1,0.1,0.1,0.1,0.1,0.1
highway_pedestrian,_,highway,pedestrian,"720 676
0.31%",,Roads mainly / exclusively for pedestrians,3,2,1,3,2,8
natural_tree,_,natural,tree,"20 267 804
35.73%",,A single tree,3,4,8,6,8,0.6
natural_water,_,natural,water,"12 454 982
21.96%",,"Any inland body of water, from natural such as a lake or pond to artificial like a moat or canal",0,1,0,0,0,0
natural_wood,_,natural,wood,"8 509 481
15.00%",,Tree-covered area (a 'forest' or 'wood'),4,2,4,2,2,3
natural_scrub,_,natural,scrub,"3 709 838
6.54%",,"Uncultivated land covered with shrubs, bushes or stunted trees.",1,1,2,1,2,1
natural_wetland,_,natural,wetland,"2 837 872
5.00%",,A natural area subject to inundation or with waterlogged ground,0.2,0.2,1,0.1,0.2,0.2
natural_grassland,_,natural,grassland,"1 333 421
2.35%",,Areas where the vegetation is dominated by grasses (Poaceae) and other herbaceous (non-woody) plants.,4,3,3,4,3,4
natural_tree_row,_,natural,tree_row,"1 231 167
2.17%",,A line of trees,2,2,2,2,2,1
natural_coastline,_,natural,coastline,"1 126 141
1.99%",,The mean high water (springs) line between the sea and land (with the water on the right side of the way),6,10,10,6,2,0
natural_peak,_,natural,peak,"838 010
1.48%",,The top (summit) of a hill or mountain.,10,10,10,6,10,2
natural_bare_rock,_,natural,bare_rock,"792 544
1.40%",,"An area with sparse or no vegetation, so that the bedrock becomes visible",0.2,0.2,0.2,0.1,0.2,0.2
natural_cliff,_,natural,cliff,"671 929
1.18%",,"A vertical or almost vertical natural drop in terrain, usually with a bare rock surface. The bottom of the cliff is on the right side of the way.",0,1,0,0,0,0
natural_sand,_,natural,sand,"590 399
1.04%",,An area covered by sand with no or very little vegetation.,4,4,4,1,2,2
natural_heath,_,natural,heath,"444 599
0.78%",,"A dwarf-shrub habitat, characterised by open, low growing woody vegetation, often dominated by plants of the Ericaceae.",1,1,1,1,1,1
natural_scree,_,natural,scree,"262 782
0.46%",,Unconsolidated angular stones formed by rockfall and weathering from adjacent rockfaces,0.2,0.2,0.2,0.1,0.2,0.2
natural_rock,_,natural,rock,"220 096
0.39%",,A notable rock or group of rocks attached to the underlying bedrock,0.2,0.2,0.2,0.1,0.2,0.2
natural_spring,_,natural,spring,"158 979
0.28%",,A place where ground water flows naturally from the ground,0.2,1,1,0.1,0.2,0.2
natural_beach,_,natural,beach,"158 284
0.28%",,"landform along a body of water which consists of sand, shingle or other loose material",8,8,9,7,7,7
natural_ridge,_,natural,ridge,"152 172
0.27%",,A mountain landform with a continuous elevated crest or linear hill,,,,,,
natural_shrub,_,natural,shrub,"123 717
0.22%",,A shrub.,,,,,,
natural_glacier,_,natural,glacier,"80 840
0.14%",,A permanent body of ice formed naturally from snow that is moving under its own weight.,,,,,,
natural_bay,_,natural,bay,"73 283
0.13%",,Named area of water mostly surrounded by land but with level connection to the ocean or a lake.,,,,,,
natural_land,_,natural,land,"68 731
0.12%",,,,,,,,
natural_cave_entrance,_,natural,cave_entrance,"54 704
0.10%",,An entrance to a cave: a natural underground space large enough for a human to enter,,,,,,
natural_shingle,_,natural,shingle,"51 165
0.09%",,An accumulation of rounded rock fragments on a beach or riverbed,,,,,,
natural_saddle,_,natural,saddle,"48 484
0.09%",,The lowest point along a ridge or between two mountain tops,,,,,,
natural_reef,_,natural,reef,"44 092
0.08%",,"A feature (rock, sandbar, coral, etc) lying permanently beneath the surface of the water.",,,,,,
natural_stone,_,natural,stone,"42 864
0.08%",,"A single notable freestanding rock, which may differ from the composition of the terrain it lies in.",,,,,,
natural_cape,_,natural,cape,"42 247
0.07%",,A piece of elevated land sticking out into the sea or large lake.,,,,,,
natural_valley,_,natural,valley,"40 230
0.07%",,A natural depression flanked by ridges or ranges of mountains or hills,,,,,,
natural_crevasse,_,natural,crevasse,"36 427
0.06%",,A large crack in a glacier,,,,,,
natural_sinkhole,_,natural,sinkhole,"32 780
0.06%",,A natural depression or hole in the surface topography.,,,,,,
natural_fell,_,natural,fell,"27 172
0.05%",,"Habitat above tree line covered with grass, dwarf shrubs and mosses.",,,,,,
natural_hill,_,natural,hill,"25 329
0.04%",,A hill,,,,,,
natural_mud,_,natural,mud,"22 279
0.04%",,Area covered with mud: water saturated fine grained soil without significant plant growth.,,,,,,
surface_asphalt,_,surface,asphalt,"21 163 003
43.30%",,Specifies that object is paved with asphalt concrete,0.7,0.8,0.7,0.5,0.7,7
surface_unpaved,_,surface,unpaved,"9 532 053
19.50%",,"Indicates that the feature has an unpaved surface, such as gravel or grass.",2,2,1,2,2,3
surface_paved,_,surface,paved,"3 921 693
8.02%",,"Describes the surface of a feature roughly as predominantly paved over the whole surface area; i.e., covered with paving stones, concrete or bitumen. This value gives only a rough description; use a more precise value if possible",,,,,,
surface_ground,_,surface,ground,"2 768 784
5.66%",,"No special surface, the ground itself has marks of human or animal usage. This value gives only a rough description; if possible, use a more precise value such as grass, clay, sand, earth, gravel or pebblestone.",,,,,,
surface_concrete,_,surface,concrete,"2 366 826
4.84%",,"Cement based concrete, forming a large surface.",,,,,,
surface_paving_stones,_,surface,paving_stones,"2 275 239
4.65%",,"A surface paved with artificial blocks (block pavers, bricks) or natural stones (flagstones), with a flat top.",2,2,2,2,2,9
surface_gravel,_,surface,gravel,"1 843 734
3.77%",,"This tag has very large meaning range. Used for cases ranging from huge gravel pieces like track ballast used as surface, through small pieces of gravel to compacted surface.",,,,,,
surface_dirt,_,surface,dirt,"1 206 606
2.47%",,Used for where surface is exposed earth/soil/dirt but it is not sand or gravel or rock.,,,,,,
surface_grass,_,surface,grass,"977 787
2.00%",,Specifies that object has grass as a surface.,2,2,2,2,2,9
surface_compacted,_,surface,compacted,"768 450
1.57%",,Describes the surface of a feature as unpaved compacted.,,,,,,
surface_sand,_,surface,sand,"415 431
0.85%",,Specifies that object has sand as a surface.,5,5,5,5,5,5
surface_sett,_,surface,sett,"304 133
0.62%",,"Sett paving, formed from natural stones cut to have a flat top (with regular or irregular shape).",6,6,6,6,6,6
surface_fine_gravel,_,surface,fine_gravel,"294 732
0.60%",,"A multilayer pavement with a stone or gravel basis and a topmost surface of firm, granular grit, basalt or quartz.",5,5,5,5,5,5
surface_cobblestone,_,surface,cobblestone,"163 557
0.33%",,"Generic value for cobblestone, used for both sett and true cobblestone",6,6,6,6,6,6
surface_wood,_,surface,wood,"161 867
0.33%",,"Object with wooden surface. Used for bridges, plank walkways, and garden decking.",5,5,5,5,5,5
surface_earth,_,surface,earth,"136 331
0.28%",,Used for where surface is exposed earth/soil/dirt but it is not sand or gravel or rock.,,,,,,
surface_concrete:plates,_,surface,concrete:plates,"121 887
0.25%",,Heavy-duty plates placed closely together,,,,,,
surface_pebblestone,_,surface,pebblestone,"96 905
0.20%",,Surface that consists of loose rounded medium sized stones.,4,4,4,4,4,4
surface_metal,_,surface,metal,"30 920
0.06%",,"Used for metal-surfaced bridges, or for temporary tracks over fields for normal road vehicles or site traffic.",,,,,,
surface_grass_paver,_,surface,grass_paver,"27 894
0.06%",,Specifies that object is paved with grass paver - paving with large deliberate voids in it,,,,,,
surface_tartan,_,surface,tartan,"26 456
0.05%",,"A synthetic, all-weather surface typically used in running",3,3,3,3,3,9
surface_artificial_turf,_,surface,artificial_turf,"25 844
0.05%",,"A surface made from synthetic materials to look and feel like natural grass. Often used for tracks and pitches of sports such as football, baseball, etc.",,,,,,
surface_clay,_,surface,clay,"25 426
0.05%",,Marks object as having a clay surface,,,,,,
surface_mud,_,surface,mud,"22 764
0.05%",,Specifies that object has mud as a surface - all the time or at least very frequently,,,,,,
power_tower,_,power,tower,"14 863 557
49.24%",,A tower or pylon carrying high voltage electricity cables. Often constructed from steel latticework but tubular or solid pylons are also used.,0,0,0,0,0,0
power_pole,_,power,pole,"10 674 664
35.37%",,"A single pole supporting power lines, often a wood, steel, or concrete mast designed to carry minor power lines.",,,,,,
power_generator,_,power,generator,"1 870 936
6.20%",,"A device which converts one form of energy to another, for example, an electrical generator.",0,0,0,0,0,0
power_line,_,power,line,"782 255
2.59%",,"High-voltage power lines used for power transmission, usually supported by towers or pylons",,,,,,
power_minor_line,_,power,minor_line,"719 120
2.38%",,"Minor power lines forming the distribution grid, usually carried by poles.",,,,,,
power_substation,_,power,substation,"571 873
1.89%",,"A facility which controls the flow of electricity in a power network with transformers, switchgear or compensators.",0,0,0,0,0,0
power_portal,_,power,portal,"144 961
0.48%",,"A supporting structure for power lines, composed of vertical legs with cables between them attached to a horizontal crossarm.",0,0,0,0,0,0
power_transformer,_,power,transformer,"135 634
0.45%",,A device for stepping up or down electric voltage. Large power transformers are typically located inside substations,0,0,0,0,0,0
power_switch,_,power,switch,"85 426
0.28%",,A device which allows electrical network operators to power up & down lines and transformers in substations or along the power grid.,0,0,0,0,0,0
power_catenary_mast,_,power,catenary_mast,"77 755
0.26%",,A pole supporting the overhead wires used to supply electricity to vehicles equipped with a pantograph such as trams and trains,,,,,,
power_plant,_,power,plant,"64 024
0.21%",,"An industrial facility where power (electricity, useful heat, biogas) is produced by individual power generator units.",0,0,0,0,0,0
power_cable,_,power,cable,"52 216
0.17%",,"An insulated cable carrying electrical power, such as transmission or distribution cables located underground and undersea cables",,,,,,
power_terminal,_,power,terminal,"39 467
0.13%",,"A point of connection where an overhead power line ends on a building or wall; for example, when connecting it to an indoor substation.",,,,,,
power_insulator,_,power,insulator,"28 932
0.10%",,An electrical insulator which connects a power line to a support structure and prevents grounding.,,,,,,
waterway_stream,_,waterway,stream,"16 915 733
68.05%",,A naturally-forming waterway that is too narrow to be classed as a river.,0.1,1,1,1,0.1,0
waterway_ditch,_,waterway,ditch,"3 291 998
13.24%",,"A small man-made drainage waterway, usually unlined.",0.1,1,1,1,0.1,0
waterway_river,_,waterway,river,"1 702 623
6.85%",,"The linear flow of a river, in flow direction.",0,1,0,0,0,0
waterway_drain,_,waterway,drain,"1 467 351
5.90%",,"An artificial free flow waterway used for carrying superfluous water, usually lined with concrete.",0.1,1,1,1,0.1,0
waterway_canal,_,waterway,canal,"931 957
3.75%",,"An artificial '''open flow''' waterway used to carry useful water for transportation, waterpower, or irrigation.",0.1,1,1,1,0.1,0
waterway_dam,_,waterway,dam,"204 312
0.82%",,A barrier built across a river or stream to block and regulate the flow of the river.,0,1,0,0,0,0
waterway_weir,_,waterway,weir,"111 911
0.45%",,A barrier built across a river to control water speed and depth. Designed to let water flow over the top all the time or at least in specific conditions.,0.1,1,1,1,0.1,0
waterway_waterfall,_,waterway,waterfall,"59 005
0.24%",,A place where water flows over a vertical drop or a series of drops in the course of a stream or river.,0,1,0,0,0,0
amenity_parking,_,amenity,parking,"4 606 803
20.58%",,A place for parking cars,0.5,2,2,0.5,2,2
amenity_bench,_,amenity,bench,"1 973 220
8.82%",,A place for people to sit; allows room for several people.,4,10,8,10,10,2
amenity_parking_space,_,amenity,parking_space,"1 536 891
6.87%",,A single parking space on a parking lot,0.5,3,1,1,1,1
amenity_place_of_worship,_,amenity,place_of_worship,"1 357 170
6.06%",,A place where religious services are conducted,1,1,1,1,1,2
amenity_restaurant,_,amenity,restaurant,"1 267 035
5.66%",,"A restaurant sells full sit-down meals with servers, and may sell alcohol.",0.1,0.1,0.1,0.1,0.1,0.1
amenity_school,_,amenity,school,"1 224 400
5.47%",,A primary or secondary school (pupils typically aged 6 to 18).,0,0,0,0,0,0
amenity_waste_basket,_,amenity,waste_basket,"640 233
2.86%",,A single small container for depositing garbage that is easily accessible for pedestrians.,1,5,10,1,3,0.8
amenity_fuel,_,amenity,fuel,"494 848
2.21%",,A retail facility for refueling motor vehicles,0.1,0.1,0.1,0.1,0.1,0.1
amenity_bicycle_parking,_,amenity,bicycle_parking,"493 341
2.20%",,A parking space designed for bicycles.,1,3,2,2,2,1
amenity_cafe,_,amenity,cafe,"491 036
2.19%",,A generally informal place with sit-down facilities selling beverages and light meals and/or snacks.,0.1,0.1,0.1,1,0.1,0.1
amenity_fast_food,_,amenity,fast_food,"488 021
2.18%",,A place concentrating on very fast counter-only service and take-away food.,0.1,0.1,0.1,1,0.1,0.1
amenity_shelter,_,amenity,shelter,"436 481
1.95%",,A small structure for protection against bad weather conditions,20,22,20,20,22,8
amenity_bank,_,amenity,bank,"380 274
1.70%",,"A financial establishment where customers can, among other services, deposit money and take loans",0.1,0.1,0.1,1,0.1,0.1
amenity_toilets,_,amenity,toilets,"372 327
1.66%",,A publicly accessible toilet,1,2,2,1,1,1
amenity_recycling,_,amenity,recycling,"368 630
1.65%",,A container or centre that accepts waste for recycling.,0.1,0.1,0.1,0.1,0.1,0.1
amenity_pharmacy,_,amenity,pharmacy,"355 062
1.59%",,A shop where a pharmacist sells medications,0.1,0.1,0.1,0.1,0.1,0.1
amenity_post_box,_,amenity,post_box,"351 876
1.57%",,A box to deposit outgoing postal items.,1,5,10,2,3,0.8
amenity_kindergarten,_,amenity,kindergarten,"279 769
1.25%",,A place for looking after preschool children and (typically) giving early education.,0,0,0,0,0,0
amenity_drinking_water,_,amenity,drinking_water,"268 620
1.20%",,A drinking water source which provides potable water for consumption.,1,5,10,5,3,0.8
amenity_vending_machine,_,amenity,vending_machine,"210 545
0.94%",,"A vending machine sells food, drinks, tickets or other goods automatically.",0.1,0.1,4,4,3,0.1
amenity_bar,_,amenity,bar,"207 591
0.93%",,"An establishment that sells alcoholic drinks to be consumed on the premises, characterised by a noisy and vibrant atmosphere. They usually do not sell food to be eaten as a meal. The music is usually loud and you often have to stand.",0.1,1,0.1,2,2,0.6
amenity_hunting_stand,_,amenity,hunting_stand,"204 451
0.91%",,An open or enclosed platform used by hunters to place themselves at an elevated height above the terrain.,5,5,8,6,5,5
amenity_hospital,_,amenity,hospital,"198 627
0.89%",,A hospital providing in-patient medical treatment,0,0,0,0,0,0
amenity_atm,_,amenity,atm,"197 264
0.88%",,A device that provides the clients of a financial institution with access to financial transactions.,1,5,10,2,3,0.8
amenity_post_office,_,amenity,post_office,"193 663
0.87%",,A place where letters and parcels may be sent or collected.,0.1,0.1,0.1,0.1,0.1,0.1
amenity_waste_disposal,_,amenity,waste_disposal,"188 328
0.84%",,"A medium or large disposal bin, typically for bagged up household or industrial waste.",1,7,8,1,4,0.5
amenity_pub,_,amenity,pub,"178 923
0.80%",,"An establishment that sells alcoholic drinks that can be consumed on the premises, characterised by a traditional appearance and a relaxed atmosphere. Also sells food which also can be eaten on the premises. Customers can usually sit down at a table.",0.1,1,0.1,2,2,0.1
amenity_grave_yard,_,amenity,grave_yard,"170 390
0.76%",,"A place where people (or sometimes animals) are buried, usually close to a place of worship.",0.1,0.1,0.1,0.1,0.1,0.1
amenity_clinic,_,amenity,clinic,"164 812
0.74%",,"A clinic is a medical centre, with more staff than a doctor's office, that does not admit inpatients.",0,0,0,0,0,0
amenity_fountain,_,amenity,fountain,"152 441
0.68%",,"A fountain with cultural, decorational or historical significance or which serves a recreational purpose.",2,7,10,9,9,0.2
amenity_parking_entrance,_,amenity,parking_entrance,"152 397
0.68%",,A entrance to an underground or multi storey parking facility,0.1,2,1,1,1,0.5
amenity_doctors,_,amenity,doctors,"152 376
0.68%",,"A doctor's office, a place to get medical attention or a check up from a physician.",0.1,0.1,0.1,0.1,0.1,0.1
amenity_community_centre,_,amenity,community_centre,"150 262
0.67%",,"A place mostly used for local events, festivities and group activities.",2,2,2,3,3,1
amenity_townhall,_,amenity,townhall,"144 263
0.64%",,A townhall serves as a community administrative center or meeting place.,1,1,1,1,2,0.5
amenity_police,_,amenity,police,"140 276
0.62%",✔,A police station is a facility where police officers patrol from and that is a first point of contact for civilians.,0,0,0,0,0,0
amenity_social_facility,_,amenity,social_facility,"128 575
0.57%",✔,A facility that provides social services,0,0,0,0,0,0
amenity_fire_station,_,amenity,fire_station,"126 224
0.56%",✔,A station from which a fire brigade operates.,0,0,0,0,0,0
amenity_dentist,_,amenity,dentist,"110 501
0.49%",✔,A dentist practice / surgery.,0,0,0,0,0,0
amenity_library,_,amenity,library,"95 852
0.43%",✔,A place to read and/or lend books,0.3,0.7,2,2,3,0.4
amenity_car_wash,_,amenity,car_wash,"95 266
0.42%",✔,A facility used to clean the exterior of motor vehicles,0.1,0.2,0.5,0.4,0.2,0.1
amenity_telephone,_,amenity,telephone,"91 895
0.41%",✔,A public telephone,1,2,3,2,4,1
amenity_charging_station,_,amenity,charging_station,"80 982
0.36%",✔,A station that supplies energy to electrical vehicles.,0.4,1,2,3,1,1
amenity_marketplace,_,amenity,marketplace,"75 642
0.34%",✔,A marketplace where goods and services are traded daily or weekly.,0.1,1,2,2,2,2
amenity_bus_station,_,amenity,bus_station,"62 356
0.28%",✔,"A bus station would usually be a terminus where many routes stop / start, and where you can change between routes, etc.",1,1,2,2,2,1
amenity_college,_,amenity,college,"61 436
0.27%",✔,"A place for further education, a post-secondary education institution which is not a University",0.1,0.1,0.1,0.1,0.1,0.1
amenity_university,_,amenity,university,"52 648
0.23%",✔,"An educational institution designed for instruction, examination, or both, of students in many branches of advanced learning.",1,1,1,1,1,1
amenity_bicycle_rental,_,amenity,bicycle_rental,"52 196
0.23%",✔,"A place, often unattended, where you can pick up and drop off rented bikes.",0.1,0.1,0.1,0.1,0.1,0.1
amenity_veterinary,_,amenity,veterinary,"48 584
0.22%",✔,"A place that deals with the prevention, diagnosis and treatment of disease in animals.",0.1,0.1,0.1,0.1,0.1,0.1
amenity_public_building,_,amenity,public_building,"48 489
0.22%",✔,,1,1,1,1,1,0.2
amenity_childcare,_,amenity,childcare,"45 946
0.20%",✔,A place where children are looked after which is not an amenity=kindergarten,0,0,0,0,0,0
amenity_ice_cream,_,amenity,ice_cream,"42 989
0.19%",✔,A place that sells ice cream and/or frozen yoghurt over the counter.,0.1,0.5,2,2,1,0.5
amenity_theatre,_,amenity,theatre,"42 654
0.19%",✔,A place where live theatrical performances are held.,0.1,0.1,0.1,0.1,0.1,0.1
amenity_taxi,_,amenity,taxi,"42 638
0.19%",✔,A place where taxis wait for passengers. Often near where many people congregate.,0.1,0.1,0.1,0.1,0.1,0.1
amenity_water_point,_,amenity,water_point,"33 925
0.15%",✔,A place where you can get large amounts of drinking water for refilling fresh water holding tanks.,,,,,,
amenity_bbq,_,amenity,bbq,"31 020
0.14%",✔,A permanently built place for having a BBQ,,,,,,
amenity_parcel_locker,_,amenity,parcel_locker,"29 794
0.13%",✔,Machine for picking up and sending parcels.,1,2,4,2,4,1
amenity_ferry_terminal,_,amenity,ferry_terminal,"29 736
0.13%",✔,"A place where people, cars etc. can board and leave a ferry.",0.1,0.1,0.1,0.1,0.1,0.1
amenity_cinema,_,amenity,cinema,"29 681
0.13%",✔,"A movie theater, a place showing movies.",0.1,0.1,0.1,0.1,0.1,0.1
amenity_motorcycle_parking,_,amenity,motorcycle_parking,"29 255
0.13%",✔,A place which is designated for parking motorcycles.,,,,,,
amenity_shower,_,amenity,shower,"27 051
0.12%",✔,"Public showers, where people can bathe under water sprays",,,,,,
amenity_courthouse,_,amenity,courthouse,"26 476
0.12%",✔,"A building which is home to a court of law, which administers justice according to the rule of law.",0,0,0,0,0,0
amenity_driving_school,_,amenity,driving_school,"25 760
0.11%",✔,A school to learn to drive a motor vehicle,,,,,,
amenity_grit_bin,_,amenity,grit_bin,"25 689
0.11%",✔,"A container that holds sand, salt and gravel to spread on roads for winter safety",,,,,,
amenity_car_rental,_,amenity,car_rental,"25 056
0.11%",✔,A place from which cars can be rented.,0.1,0.1,0.1,0.1,0.1,0.1
amenity_arts_centre,_,amenity,arts_centre,"23 393
0.10%",✔,An arts centre. A venue where a variety of arts are performed or conducted,,,,,,
amenity_clock,_,amenity,clock,"22 497
0.10%",✔,A publicly visible clock.,2,3,5,1,3,1
amenity_nightclub,_,amenity,nightclub,"22 203
0.10%",✔,A place to dance and drink at night.,0.1,0.1,0.1,0.1,0.1,0.1
amenity_public_bookcase,_,amenity,public_bookcase,"16 587
0.07%",✔,"A street furniture containing books. Take one, leave one.",0.2,0.1,5,2,4,2
amenity_watering_place,_,amenity,watering_place,"16 224
0.07%",✔,A place where water is contained and animals such as horses can drink.,,,,,,
amenity_events_venue,_,amenity,events_venue,"16 159
0.07%",✔,"A place that provides facilities for events such as banquets, weddings etc.",,,,,,
amenity_bureau_de_change,_,amenity,bureau_de_change,"14 819
0.07%",✔,An office that exchanges foreign currency and travellers cheques,0.1,0.1,0.1,0.1,0.1,0.1
amenity_loading_dock,_,amenity,loading_dock,"13 766
0.06%",✔,A loading dock is an entrance to a building used for loading and unloading goods vehicles.,0.1,0.1,0.1,0.1,0.1,0.1
amenity_letter_box,_,amenity,letter_box,"13 530
0.06%",✔,Private mailboxes where mailmen or other people deposit letters to specific addresses.,1,2,5,2,3,1
amenity_nursing_home,_,amenity,nursing_home,"13 307
0.06%",✔,A home for disabled/elderly persons who need permanent care.,,,,,,
amenity_prison,_,amenity,prison,"12 914
0.06%",✔,A prison or jail where people are incarcerated before trial or after conviction,0,0,0,0,0,0
amenity_internet_cafe,_,amenity,internet_cafe,"12 793
0.06%",✔,A place whose principal role is providing internet services.,,,,,,
amenity_food_court,_,amenity,food_court,"12 237
0.05%",✔,A place with sit-down facilities shared by multiple self-service food vendors.,2,2,2,3,3,2
amenity_studio,_,amenity,studio,"11 956
0.05%",✔,A studio used for creating radio or television programmes and broadcasting them. It can also be used to,,,,,,
amenity_bicycle_repair_station,_,amenity,bicycle_repair_station,"11 287
0.05%",✔,A public tool for self-repair of bicycles.,,,,,,
amenity_mobile_money_agent,_,amenity,mobile_money_agent,"10 989
0.05%",✔,A place where mobile money can be payed in and out.,,,,,,
amenity_biergarten,_,amenity,biergarten,"10 363
0.05%",✔,An open-air area where beer is served and you are allowed to bring your own food.,2,2,2,3,3,2
amenity_public_bath,_,amenity,public_bath,"9 861
0.04%",✔,A location where the public may bathe in common,,,,,,
amenity_car_sharing,_,amenity,car_sharing,"9 402
0.04%",✔,"Carsharing station, where you get your booked car, often separate areas on parking places.",0.1,0.1,0.1,0.1,0.1,0.1
amenity_payment_terminal,_,amenity,payment_terminal,"9 186
0.04%",✔,Self-service payment kiosk/terminal,,,,,,
amenity_social_centre,_,amenity,social_centre,"8 390
0.04%",✔,"A centre of fraternities, sororities, professional societies, union halls and other nonprofit organization.",,,,,,
amenity_vehicle_inspection,_,amenity,vehicle_inspection,"7 825
0.03%",✔,A place where legally-required vehicle inspection may be performed,,,,,,
amenity_compressed_air,_,amenity,compressed_air,"7 534
0.03%",✔,"A device to inflate tires/tyres (e.g. motorcar, bicycle)",,,,,,
amenity_monastery,_,amenity,monastery,"7 479
0.03%",✔,"An active monastery or convent, occupied by a community of monks or nuns living under religious vows",3,2,3,2,3,1
amenity_music_school,_,amenity,music_school,"7 071
0.03%",✔,"Music school, an educational institution specialized in the study, training, and research of music",,,,,,
amenity_waste_dump_site,_,amenity,waste_dump_site,"7 002
0.03%",✔,A place where trash was illegally dumped.,0,0,0,0,0,0
amenity_lavoir,_,amenity,lavoir,"6 988
0.03%",✔,A public place where people come to wash their clothes manually,,,,,,
crossing:island_no,_,crossing:island,no,"611 314
74.86%",-,,0,0,0,0,0,3
crossing:island_yes,_,crossing:island,yes,"204 001
24.98%",-,,0,0,0,0,0,1
kerb_lowered,_,kerb,lowered,"486 509
61.86%",✔,,0,0,0,0,0,2
kerb_flush,_,kerb,flush,"146 310
18.60%",✔,,0,0,0,0,0,2
kerb_raised,_,kerb,raised,"103 919
13.21%",✔,,0,0,0,0,0,1
bollard_fixed,_,bollard,fixed,"60 729
46.23%",-,,0.5,2,1,2,2,2
bollard_removable,_,bollard,removable,"49 048
37.34%",-,,0.5,2,1,2,2,2
tunnel_culvert,_,tunnel,culvert,"2 553 506
63.93%",✔,For a stream/drain/ditch passing under a road. Use it on the section of waterway passing under the road.,0.5,2,4,0.5,2,0.4
tunnel_yes,_,tunnel,yes,"1 092 014
27.34%",✔,,0.1,0.1,0.1,0.1,0.1,0.1
tunnel_building_passage,_,tunnel,building_passage,"281 561
7.05%",✔,"A tunnel passage that goes through/under a building, but is not inside the building itself.",0.4,2,2,2,2,2
vending_parking_tickets,_,vending,parking_tickets,"57 710
26.50%",✔,A machine selling tickets for parking,1,2,2,1,2,2
vending_excrement_bags,_,vending,excrement_bags,"35 358
16.24%",✔,Dispensing bags for picking up dog poop,1,2,3,2,2,2
vending_public_transport_tickets,_,vending,public_transport_tickets,"24 732
11.36%",✔,"A machine vending bus, tram, train... tickets",1,2,2,2,2,2
vending_cigarettes,_,vending,cigarettes,"24 580
11.29%",✔,A cigarette machine is a vending machine that dispenses packets of cigarettes.,1,2,2,1,2,2
bench_yes,_,bench,yes,"630 416
59.31%",-,,1,2,2,3,3,3
bench_no,_,bench,no,"428 320
40.29%",-,,1,1,1,2,2,2
bin_yes,_,bin,yes,"305 187
62.99%",✔,,1,2,3,3,2,2
bin_no,_,bin,no,"178 315
36.80%",-,,1,1,1,1,1,1
shelter_yes,_,shelter,yes,"757 767
53.89%",✔,,7,6,6,5,4,6
shelter_no,_,shelter,no,"642 561
45.70%",✔,,1,2,1,0.4,1,1
atm_yes,_,atm,yes,"172 761
95.39%",✔,A cash point/ATM (Automated Teller Machine) is available at this location.,1,1,3,2,2,2
bicycle_yes,_,bicycle,yes,"3 822 792
49.88%",✔,"Roads and other objects accessible to cyclists, but not explicitly designated/signed for their use",0.2,0.2,0.2,0.2,0.2,0.2
bicycle_designated,_,bicycle,designated,"1 547 006
20.19%",✔,Roads and other objects designated/signed to use for cyclists,0.01,0.01,0.01,0.01,0.01,0.01
bicycle_use_sidepath,_,bicycle,use_sidepath,"303 608
3.96%",✔,Compulsory cycleway aside,0.2,0.2,0.2,0.2,0.2,0.2
artwork_type_sculpture,_,artwork_type,sculpture,"84 890
42.26%",✔,Skulptur,3,9,7,3,7,1
artwork_type_statue,_,artwork_type,statue,"57 918
28.83%",✔,Statue oder Standbild,4,9,7,3,7,1
artwork_type_mural,_,artwork_type,mural,"20 600
10.26%",✔,"Eine Wandmalerei, bei der das Bild auf eine Wand oder Decke so aufgebracht wird, dass sie fest mit dem Untergrund verbunden ist.",4,6,5,3,4,1
ownership_private,_,ownership,private,"49 679
39.61%",✔,Describes object as privately owned.,0.1,0.1,0.1,0.1,0.1,0.1
electrified_no,_,electrified,no,"1 196 431
48.54%",✔,,,,,,,
electrified_contact_line,_,electrified,contact_line,"1 186 725
48.14%",✔,An overhead line,0.1,0.1,0.1,0.1,0.1,0.1
railway_rail,_,railway,rail,"2 556 162
35.52%",✔,Rails of a typical gauge track.,0.01,0.01,0.01,0.01,0.01,0.01
railway_level_crossing,_,railway,level_crossing,"964 738
13.40%",✔,A crossing between a railway and a road.,0,0,0,0,0,0.01
railway_switch,_,railway,switch,"959 548
13.33%",✔,"A railway switch, turnout or points: where trains can change from one track to another track",0.1,0.1,0.1,0.1,0.1,0.1
railway_abandoned,_,railway,abandoned,"392 407
5.45%",✔,Former railway; the track has been removed but it's still visible that there used to be a railway,1,3,4,2,2,1
railway_signal,_,railway,signal,"338 202
4.70%",✔,A railway signal,0.1,0.1,0.1,0.1,0.1,0.1
railway_buffer_stop,_,railway,buffer_stop,"238 773
3.32%",✔,Barrier that exists on a railway to prevent trains from running off the end of the tracks,0.1,0.1,0.1,0.1,0.1,0.1
railway_crossing,_,railway,crossing,"188 592
2.62%",✔,Marks the spot where pedestrians can cross a railway,0,0,0,0,0,1
railway_platform,_,railway,platform,"170 928
2.37%",✔,A railway platform.,0.1,0.1,0.1,0.1,0.1,0.1
leaf_type_broadleaved,_,leaf_type,broadleaved,"5 514 622
78.62%",✔,Broadleaved woody vegetation,2,2,2,2,2,1
leaf_type_needleleaved,_,leaf_type,needleleaved,"920 176
13.12%",✔,Needleleaved woody vegetation,2,2,2,2,2,1
leaf_type_mixed,_,leaf_type,mixed,"547 964
7.81%",✔,Habitat with broadleaved and needleleaved woody vegetation,2,2,2,2,2,1
tracktype_grade3,_,tracktype,grade3,"2 486 666
26.80%",✔,"Even mixture of hard and soft materials.
An unpaved track.",2,2,2,2,2,7
tracktype_grade2,_,tracktype,grade2,"2 030 120
21.88%",✔,"Mostly solid.
Usually an unpaved track with surface of gravel mixed with a varying amount of sand, silt, and clay. See Gravel road on Wikipedia.
May be applicable to heavily degraded and crumbled roads which was paved in past.
Often also tagged with surface=gravel;compacted;fine_gravel etc.",2,2,2,2,2,6
tracktype_grade4,_,tracktype,grade4,"1 880 820
20.27%",✔,"Mostly soft.
An unpaved track prominently with soil/sand/grass, but with some hard or compacted materials mixed in.",2,2,2,2,2,5
tracktype_grade5,_,tracktype,grade5,"1 562 142
16.83%",✔,"Soft.
An unimproved track lacking hard materials, uncompacted, with surface of soil/sand/grass.",2,2,2,2,2,2
tracktype_grade1,_,tracktype,grade1,"1 315 003
14.17%",✔,"Usually a paved surface (called also  Sealed road), often also tagged with surface=asphalt;concrete;chipseal etc",1,2,1,1,2,3
smoothness_good,_,smoothness,good,"1 587 738
35.96%",✔,"Asphalt or concrete showing the first signs of wear, such as narrow (<1.5 cm) cracks, wider cracks filled up with tar, shallow dents in which rainwater may collect, etc. that may cause trouble for rollers but not for racing bikes. The best roads paved with bricks, sett, etc. also fall in this category.",1,1,1,1,1,10
smoothness_excellent,_,smoothness,excellent,"1 071 110
24.26%",✔,"As-new asphalt or concrete, smooth paving stones with seamless connections, etc.",1,1,1,1,1,10
smoothness_intermediate,_,smoothness,intermediate,"686 890
15.56%",✔,"Asphalt and equivalent that shows signs of maintenance such as patches of repaired pavement, wider cracks (>2 cm), etc. that may cause trouble for racing bikes. The pavement may contain potholes, but these are small, shallow (<3cm deep) and few so they are easily avoided, or the road shows damage due to subsidence (depressions of a scale >50 cm) or heavy traffic (shallow ruts in asphalt caused by trucks in summer). The quality of the surface starts to affect the speed of most passenger cars, so they will slow down to make the ride more comfortable (but still above 50% of the speed they would drive at if the road was smooth). The best unpaved but compacted roads fall in this category.",1,1,1,1,1,9
smoothness_bad,_,smoothness,bad,"550 237
12.46%",✔,"Heavily damaged paved roads that badly need maintenance: many potholes, some of them quite deep. The average speed of cars is less than 50% of what it would be on a smooth road. However, it isn’t so rough that ground clearance becomes a problem. A ground clearance of a normal passenger car (>14 cm) is sufficient. Good unpaved roads without risk of damage to normal passenger cars are also included here.",1,1,1,1,1,4
smoothness_very_bad,_,smoothness,very_bad,"266 755
6.04%",✔,"Unpaved roads with potholes and ruts, but still passable with an average SUV with a ground clearance of at least 18 cm.*",1,1,1,1,1,3
smoothness_horrible,_,smoothness,horrible,"143 697
3.25%",✔,"Unpaved tracks with ruts, rocks etc that need a ground clearance of at least 21 cm (Toyota Landcruiser, Landrover, Lada Niva, bukhanka, etc.). Skid plate protection is advisable.",1,1,1,1,1,2
smoothness_very_horrible,_,smoothness,very_horrible,"69 029
1.56%",✔,Tracks with deep ruts and other obstacles that need a ground clearance of at least 24 cm.,1,1,1,1,1,1
smoothness_impassable,_,smoothness,impassable,"30 549
0.69%",✔,"Ways that used to be passable roads and can still be recognised as such in the landscape (useful for hikers), but have deteriorated so much because of fallen trees, being overgrown, severely eroded, etc. that no 4-wheeled vehicle can pass it. Consider to map narrow parts as highway=path, and the whole way as disused:=* or abandoned:*=*",1,1,1,1,1,0
leisure_pitch,_,leisure,pitch,"2 111 510
26.41%",,"An area designed for practising a particular sport, normally designated with appropriate markings.",6,4,3,1,2,6
leisure_swimming_pool,_,leisure,swimming_pool,"1 743 297
21.81%",,A swimming pool (water area only),0.1,0.1,0.1,0.1,0.1,0
leisure_park,_,leisure,park,"1 115 782
13.96%",,"A park, usually urban (municipal).",10,10,10,10,10,10
leisure_garden,_,leisure,garden,"948 680
11.87%",,A place where flowers and other plants are grown in a decorative and structured manner or for scientific purposes.,0.1,0.1,0.1,0.1,0.1,0.1
leisure_playground,_,leisure,playground,"753 614
9.43%",,A playground: an area designed for children to play.,5,5,5,6,5,2
leisure_picnic_table,_,leisure,picnic_table,"247 528
3.10%",,A table with benches for food and rest,10,10,10,10,10,1
leisure_sports_centre,_,leisure,sports_centre,"220 337
2.76%",,A sports centre is a distinct facility where sports take place within an enclosed area.,0.01,0.01,0.01,0.01,0.01,0.01
leisure_nature_reserve,_,leisure,nature_reserve,"120 933
1.51%",,"A protected area of importance for wildlife, flora, fauna or features of geological or other special interest.",0.1,0.1,0.1,0.1,0.1,0.1
leisure_track,_,leisure,track,"111 738
1.40%",,"A track for running, cycling and other non-motorised racing such as horses, greyhounds.",0.2,0.2,0.2,0.1,0.2,0.4
leisure_fitness_centre,_,leisure,fitness_centre,"62 901
0.79%",,"Fitness centre, health club or gym with exercise machines, fitness classes or both, for exercise.",0.1,0.1,0.1,0.1,0.1,0.1
leisure_fitness_station,_,leisure,fitness_station,"51 288
0.64%",,An outdoor facility where people can practise typical fitness exercises,2,5,6,3,5,2
leisure_slipway,_,leisure,slipway,"49 426
0.62%",,A slipway: a ramp for launching a boat into water,0.1,0.1,0.1,0.1,0.1,0.1
leisure_stadium,_,leisure,stadium,"48 976
0.61%",,A major sports facility with substantial tiered seating.,0.1,0.1,0.1,0.1,0.1,0.1
leisure_golf_course,_,leisure,golf_course,"39 374
0.49%",,A golf course,0.1,0.1,0.1,0.1,0.1,0.1
leisure_outdoor_seating,_,leisure,outdoor_seating,"36 184
0.45%",,"A seating area, usually for the consumption of food and drink from neighbouring cafes and restaurants, often belonging to one or more of them, but not necessarily adjacent.",2,5,6,10,8,4
leisure_common,_,leisure,common,"33 984
0.43%",,Identify land over which the public has general rights of use for certain leisure activities.,6,5,3,5,4,2
leisure_firepit,_,leisure,firepit,"28 273
0.35%",,"A fire ring or fire pit, often at a campsite or picnic site",2,9,9,9,9,1
leisure_marina,_,leisure,marina,"27 515
0.34%",,A facility for mooring leisure yachts and motor boats.,0.1,0.1,0.1,0.1,0.1,0.1
leisure_bleachers,_,leisure,bleachers,"26 454
0.33%",,"Raised, tiered rows of benches found at spectator events",0.5,1,3,9,2,1
leisure_dog_park,_,leisure,dog_park,"19 144
0.24%",,"A designated area, with or without a fenced boundary, where dog-owners are permitted to exercise their pets unrestrained.",0.1,0.5,0.5,0.1,0.1,0.5
leisure_sports_hall,_,leisure,sports_hall,"27 412
0.30%",✔,"A sufficiently large single room that is suitable for practising sports indoors and does not have a ""centre"" character.",0.1,0.1,0.1,0.1,0.1,0.1
leisure_resort,_,leisure,resort,"19 181
0.21%",✔,"A place used for relaxation or recreation, attracting visitors for vacations, tourism and/or going swimming in a pool and/or a nearby body of water.",0.1,0.1,0.1,0.1,0.1,0.1
leisure_horse_riding,_,leisure,horse_riding,"17 827
0.19%",✔,"A facility where people practise horse riding, usually in their spare time, e.g. a riding centre. For a riding arena use tag:leisure=pitch + tag:sport=equestrian.",0.1,0.1,0.1,0.1,0.1,0.1
leisure_fishing,_,leisure,fishing,"15 704
0.17%",✔,A public or private place for fishing,0.1,0.1,0.1,0.1,0.1,0.1
leisure_sauna,_,leisure,sauna,"15 630
0.17%",✔,A room or object designed as a place to dry a wet or dry body.,0.1,0.1,0.1,0.1,0.1,0.1
leisure_water_park,_,leisure,water_park,"12 660
0.14%",✔,"An amusement park with features like water slides, recreational pools (e.g. wave pools) or lazy rivers.",0.1,0.1,0.1,0.1,0.1,0.1
leisure_beach_resort,_,leisure,beach_resort,"12 140
0.13%",✔,"A managed beach, including within the boundary any associated facilities. Entry may also require payment of a fee.",1,1,2,1,1,1
utility_power,_,utility,power,"162 428
49.19%",✔,Infrastructure related to electricity transmission and distribution towards industries and domestic consumers,0,0,0,0,0,0
utility_telecom,_,utility,telecom,"58 585
17.74%",✔,Infrastructure related to telecommunications networks providing phone and internet service towards industries and domestic subscribers,0,0,0,0,0,0
utility_gas,_,utility,gas,"51 126
15.48%",✔,Infrastructure related to gas transmission and distribution towards industries and domestic consumers,0,0,0,0,0,0
utility_telecom;power,_,utility,telecom;power,"14 180
4.29%",-,,0,0,0,0,0,0
fee_no,_,fee,no,"1 269 153
75.03%",✔,,1,1,1,1,1,1
fee_yes,_,fee,yes,"405 478
23.97%",✔,,0.1,0.1,0.1,0.1,0.1,0.1
elevator_yes,_,elevator,yes,"4 435
80.67%",-,,0,1,1,0,0,2
abandoned_yes,_,abandoned,yes,"114 890
91.58%",✔,A man-made feature abandoned and no longer maintained. Also see abandoned:* namespace.,3,3,4,3,3,2
abandoned_no,_,abandoned,no,"2 050
1.63%",-,,,,,,,
route_bus,_,route,bus,"290 137
25.13%",✔,The route of a public bus service.,0.1,0.1,0.1,0.1,0.1,0.1
route_road,_,route,road,"257 637
22.32%",✔,Relation type used to combine road sections.,,,,,,
route_hiking,_,route,hiking,"242 359
20.99%",✔,A signed hiking Route,2,5,1,2,1,10
route_bicycle,_,route,bicycle,"117 547
10.18%",✔,"Cycle routes or bicycle route are named or numbered or otherwise signed routes. May go along roads, trails or dedicated cycle paths.",0.5,0.5,0.5,0.5,0.5,0.5
route_foot,_,route,foot,"63 308
5.48%",✔,A signed walking Route,2,5,1,2,1,10
route_ferry,_,route,ferry,"32 808
2.84%",✔,The route of a public ferry or water bus.,0,0,0,0,0,0
route_mtb,_,route,mtb,"29 037
2.52%",✔,"MTB (Mountain Bike) routes are named, numbered or otherwise signed routes, designated for mountain biking. May go along roads, trails or dedicated cycle paths.",0.5,0.5,0.5,0.5,0.5,0.5
route_power,_,route,power,"22 927
1.99%",✔,,,,,,,
route_train,_,route,train,"15 146
1.31%",✔,The route of a train service (e.g. London-Paris Eurostar),0,0,0,0,0,0
route_railway,_,route,railway,"14 986
1.30%",✔,The route of a railway (e.g. the Channel Tunnel). Not to be confused with the route of a passenger train service (see route=train ).,0,0,0,0,0,0
area:highway_footway,_,area:highway,footway,"68 115
22.77%",✔,An area representation of footways.,0.01,0.01,0.01,0.01,0.01,1
area:highway_traffic_island,_,area:highway,traffic_island,"39 050
13.05%",✔,An area representation of traffic island.,0.01,0.01,0.01,0.01,0.01,0.01
area:highway_residential,_,area:highway,residential,"28 265
9.45%",-,,0.01,0.01,0.01,0.01,0.01,0.01
area:highway_service,_,area:highway,service,"23 964
8.01%",-,,0.01,0.01,0.01,0.01,0.01,0.01
area:highway_tertiary,_,area:highway,tertiary,"19 528
6.53%",-,,0.01,0.01,0.01,0.01,0.01,0.01
area:highway_yes,_,area:highway,yes,"18 203
6.08%",-,,0.01,0.01,0.01,0.01,0.01,0.01
area:highway_secondary,_,area:highway,secondary,"14 592
4.88%",-,,0.01,0.01,0.01,0.01,0.01,0.01
area:highway_emergency,_,area:highway,emergency,"12 255
4.10%",-,,0.01,0.01,0.01,0.01,0.01,0.01
area:highway_primary,_,area:highway,primary,"10 555
3.53%",-,,0.01,0.01,0.01,0.01,0.01,0.01
area:highway_cycleway,_,area:highway,cycleway,"10 105
3.38%",✔,An area representation of cycleways.,0.01,0.01,0.01,0.01,0.01,0.01
area:highway_pedestrian,_,area:highway,pedestrian,"8 163
2.73%",✔,An area representation of pedestrian zones.,0.01,0.01,0.01,0.01,0.01,1
public_transport_platform,_,public_transport,platform,"3 495 206
63.73%",✔,The place where passengers are waiting for the public transport vehicles.,0.1,0.1,0.1,0.1,0.1,1
public_transport_stop_position,_,public_transport,stop_position,"1 336 713
24.37%",✔,The position on the street or rails where a public transport vehicle stops.,0,0,0,0,0,1
public_transport_stop_area,_,public_transport,stop_area,"452 208
8.25%",✔,"A relation that contains all elements of a train, subway, monorail, tram, bus, trolleybus, aerialway, or ferry stop.",0,0,0,0,0,1
public_transport_station,_,public_transport,station,"177 225
3.23%",✔,A station is an area designed to access public transport.,0.01,0.01,0.01,0.01,0.01,1
lit_yes,_,lit,yes,"8 921 462
76.97%",✔,,3,3,3,3,3,3
lit_no,_,lit,no,"2 601 767
22.45%",✔,,2,2,2,2,2,2
drinking_water_yes,_,drinking_water,yes,"82 103
54.10%",✔,,2,3,7,9,7,6
drinking_water_no,_,drinking_water,no,"65 046
42.86%",✔,,2,3,5,5,4,3
addr:housenumber_*,_,addr:housenumber,*,,,,0.1,0.1,0.1,0.1,0.1,0.1
recycling_type_container,_,recycling_type,container,"446 093
92.33%",✔,"A recycling container, or a group of them.",2,4,4,0.2,0.2,3
,,,no,,,,,,,,,
,,,339 789,,,,,,,,,
,,,44.75%,,,,,,,,,
,,,✔,,,,,,,,,
,,,yes,,,,,,,,,
,,,227 330,,,,,,,,,
,,,29.94%,,,,,,,,,
,,,✔,,,,,,,,,